step,reward,epsilon,deliveries
1,2.0999999999999996,0.5994601619838001,0
2,0.34999999999999987,0.5989208096760731,0
3,1.8499999999999999,0.5983819426398125,0
4,0.7999999999999998,0.5978435604384048,0
5,-1.9500000000000002,0.5973056626356298,0
6,1.8499999999999999,0.5967682487956595,0
7,0.34999999999999987,0.596231318483058,0
8,1.0499999999999998,0.5956948712627811,0
9,-0.9000000000000001,0.5951589067001761,0
10,-0.7000000000000002,0.5946234243609815,0
11,1.5999999999999999,0.5940884238113263,0
12,1.5999999999999999,0.5935539046177303,0
13,-0.9000000000000001,0.5930198663471027,0
14,1.8499999999999999,0.5924863085667428,0
15,0.7999999999999998,0.591953230844339,0
16,-0.9000000000000001,0.5914206327479687,0
17,2.0999999999999996,0.5908885138460981,0
18,-2.4000000000000004,0.5903568737075814,0
19,0.5999999999999999,0.5898257119016608,0
20,-0.9000000000000001,0.5892950279979663,0
21,2.0999999999999996,0.5887648215665148,0
22,-0.7000000000000002,0.5882350921777102,0
23,-0.7000000000000002,0.5877058394023429,0
24,0.34999999999999987,0.5871770628115895,0
25,2.0999999999999996,0.5866487619770123,0
26,0.7999999999999998,0.5861209364705593,0
27,0.7999999999999998,0.5855935858645633,0
28,1.5999999999999999,0.5850667097317425,0
29,0.7999999999999998,0.5845403076451987,0
30,0.34999999999999987,0.5840143791784186,0
31,0.7999999999999998,0.5834889239052721,0
32,-0.9000000000000001,0.5829639414000125,0
33,0.5499999999999998,0.5824394312372767,0
34,2.0999999999999996,0.581915392992084,0
35,1.8499999999999999,0.5813918262398354,0
36,0.34999999999999987,0.580868730556315,0
37,-0.9000000000000001,0.5803461055176882,0
38,1.0499999999999998,0.5798239507005015,0
39,0.5999999999999999,0.5793022656816825,0
40,1.5999999999999999,0.5787810500385396,0
41,0.34999999999999987,0.5782603033487614,0
42,-0.4500000000000002,0.5777400251904165,0
43,0.5999999999999999,0.577220215141953,0
44,-0.7000000000000002,0.5767008727821985,0
45,-0.7000000000000002,0.5761819976903593,0
46,2.0999999999999996,0.5756635894460205,0
47,2.0999999999999996,0.5751456476291453,0
48,-1.1500000000000001,0.5746281718200751,0
49,2.0999999999999996,0.5741111615995286,0
50,-0.4500000000000002,0.5735946165486017,0
51,0.7999999999999998,0.5730785362487674,0
52,-0.4500000000000002,0.5725629202818753,0
53,1.0499999999999998,0.5720477682301509,0
54,0.5999999999999999,0.5715330796761959,0
55,1.8499999999999999,0.5710188542029875,0
56,-0.4500000000000002,0.570505091393878,0
57,-1.5000000000000002,0.5699917908325947,0
58,2.0999999999999996,0.5694789521032391,0
59,1.5999999999999999,0.5689665747902873,0
60,-1.1500000000000001,0.5684546584785892,0
61,-3.1999999999999997,0.567943202753368,0
62,-6.6,0.5674322072002204,0
63,-0.55,0.5669216714051155,0
64,-0.55,0.5664115949543953,0
65,-0.3000000000000001,0.5659019774347739,0
66,0.5999999999999999,0.5653928184333371,0
67,-4.25,0.5648841175375425,0
68,-3.6,0.5643758743352186,0
69,-0.3000000000000001,0.5638680884145648,0
70,0.5999999999999999,0.5633607593641512,0
71,-2.9499999999999997,0.5628538867729179,0
72,0.3999999999999999,0.5623474702301746,0
73,-3.85,0.5618415093256011,0
74,-0.9000000000000001,0.5613360036492459,0
75,0.5999999999999999,0.5608309527915266,0
76,-0.55,0.5603263563432291,0
77,1.2,0.5598222138955077,0
78,-5.35,0.5593185250398843,0
79,-3.6,0.5588152893682488,0
80,-0.3000000000000001,0.5583125064728575,0
81,0.5999999999999999,0.5578101759463343,0
82,2.0999999999999996,0.5573082973816693,0
83,-3.6,0.5568068703722188,0
84,-1.1500000000000001,0.556305894511705,0
85,-0.4500000000000002,0.5558053693942157,0
86,1.8499999999999999,0.5553052946142039,0
87,-1.1500000000000001,0.5548056697664875,0
88,0.5999999999999999,0.5543064944462488,0
89,1.8499999999999999,0.5538077682490344,0
90,-3.6,0.553309490770755,0
91,-0.3000000000000001,0.5528116616076846,0
92,2.0999999999999996,0.5523142803564605,0
93,1.0499999999999998,0.5518173466140829,0
94,-2.9499999999999997,0.5513208599779148,0
95,1.0499999999999998,0.5508248200456812,0
96,-0.9000000000000001,0.5503292264154693,0
97,1.8499999999999999,0.5498340786857278,0
98,1.8499999999999999,0.5493393764552663,0
99,0.7999999999999998,0.5488451193232562,0
100,0.5999999999999999,0.5483513068892287,0
101,0.34999999999999987,0.5478579387530758,0
102,1.0499999999999998,0.5473650145150494,0
103,-2.4000000000000004,0.546872533775761,0
104,0.34999999999999987,0.5463804961361813,0
105,-2.220446049250313e-16,0.5458889011976404,0
106,1.5999999999999999,0.545397748561827,0
107,0.09999999999999987,0.5449070378307878,0
108,1.8499999999999999,0.5444167686069278,0
109,1.5999999999999999,0.5439269404930099,0
110,1.0499999999999998,0.5434375530921541,0
111,0.34999999999999987,0.5429486060078377,0
112,-2.220446049250313e-16,0.5424600988438946,0
113,0.34999999999999987,0.5419720312045154,0
114,0.7999999999999998,0.5414844026942465,0
115,-0.7000000000000002,0.5409972129179903,0
116,1.0499999999999998,0.5405104614810048,0
117,-0.9000000000000001,0.5400241479889027,0
118,0.5999999999999999,0.5395382720476521,0
119,1.8499999999999999,0.5390528332635753,0
120,-1.1500000000000001,0.5385678312433487,0
121,0.34999999999999987,0.5380832655940029,0
122,-2.9499999999999997,0.5375991359229217,0
123,-2.4000000000000004,0.5371154418378427,0
124,1.5999999999999999,0.5366321829468559,0
125,1.0499999999999998,0.536149358858404,0
126,-1.1500000000000001,0.5356669691812823,0
127,-5.1,0.5351850135246379,0
128,-5.35,0.5347034914979695,0
129,-0.9000000000000001,0.5342224027111271,0
130,1.5999999999999999,0.5337417467743119,0
131,-0.9000000000000001,0.5332615232980756,0
132,-4.449999999999999,0.5327817318933206,0
133,0.34999999999999987,0.532302372171299,0
134,0.5999999999999999,0.5318234437436132,0
135,0.34999999999999987,0.5313449462222146,0
136,0.7999999999999998,0.5308668792194039,0
137,2.0999999999999996,0.5303892423478305,0
138,-1.1500000000000001,0.5299120352204925,0
139,-1.1500000000000001,0.5294352574507359,0
140,-1.9500000000000002,0.528958908652255,0
141,2.0999999999999996,0.5284829884390916,0
142,100.9,0.5280074964256344,0
143,0.09699999999999998,0.5275324322266192,0
144,0.597,0.5270577954571286,0
145,-1.153,0.5265835857325915,0
146,2.097,0.5261098026687826,0
147,1.847,0.5256364458818225,0
148,0.597,0.5251635149881771,0
149,-1.953,0.5246910096046574,0
150,-0.903,0.5242189293484192,0
151,0.347,0.5237472738369627,0
152,0.597,0.5232760426881323,0
153,0.347,0.5228052355201162,0
154,-0.45300000000000007,0.5223348519514459,0
155,0.347,0.5218648916009966,0
156,-0.7030000000000001,0.5213953540879862,0
157,98.397,0.520926239031975,0
158,2.0940000000000003,0.5204575460528658,0
159,-0.706,0.5199892747709034,0
160,-0.006000000000000005,0.5195214248066741,0
161,1.344,0.5190539957811058,0
162,-1.156,0.5185869873154673,0
163,-0.706,0.5181203990313681,0
164,1.344,0.5176542305507584,0
165,-0.45599999999999996,0.5171884814959283,0
166,1.844,0.516723151489508,0
167,-0.9059999999999999,0.5162582401544669,0
168,2.0940000000000003,0.5157937471141137,0
169,0.3440000000000001,0.5153296719920963,0
170,0.5940000000000001,0.5148660144124011,0
171,0.3440000000000001,0.5144027739993524,0
172,-1.156,0.5139399503776131,0
173,0.09400000000000008,0.5134775431721835,0
174,0.794,0.5130155520084013,0
175,0.5940000000000001,0.5125539765119415,0
176,0.3440000000000001,0.5120928163088154,0
177,1.044,0.5116320710253716,0
178,0.544,0.5111717402882939,0
179,0.5940000000000001,0.5107118237246028,0
180,0.3440000000000001,0.5102523209616537,0
181,-0.9059999999999999,0.5097932316271381,0
182,1.594,0.5093345553490818,0
183,1.594,0.5088762917558456,0
184,1.844,0.5084184404761246,0
185,0.3440000000000001,0.5079610011389477,0
186,-0.45599999999999996,0.507503973373678,0
187,0.5940000000000001,0.5070473568100119,0
188,-0.45599999999999996,0.506591151077979,0
189,-5.103,0.5061353558079418,0
190,-1.956,0.5056799706305951,0
191,-4.9030000000000005,0.5052249951769664,0
192,0.794,0.5047704290784149,0
193,1.594,0.5043162719666314,0
194,-1.156,0.5038625234736385,0
195,2.0940000000000003,0.5034091832317893,0
196,1.044,0.5029562508737682,0
197,2.0940000000000003,0.5025037260325897,0
198,1.844,0.5020516083415989,0
199,1.594,0.5015998974344703,0
200,1.044,0.5011485929452084,0
201,1.594,0.5006976945081468,0
202,1.844,0.5002472017579482,0
203,-0.9059999999999999,0.49979711432960394,0
204,0.5940000000000001,0.4993474318584337,0
205,-1.156,0.4988981539800854,0
206,2.0940000000000003,0.4984492803305347,0
207,2.0940000000000003,0.49800081054608486,0
208,-0.9059999999999999,0.49755274426336626,0
209,-0.006000000000000005,0.4971050811193363,0
210,0.3440000000000001,0.49665782075127907,0
211,-2.4059999999999997,0.49621096279680477,0
212,-0.45599999999999996,0.49576450689384993,0
213,0.5940000000000001,0.49531845268067676,0
214,1.844,0.4948727997958728,0
215,0.544,0.49442754787835097,0
216,1.844,0.4939826965673489,0
217,0.3440000000000001,0.4935382455024288,0
218,0.5940000000000001,0.49309419432347745,0
219,-0.9059999999999999,0.49265054267070535,0
220,2.0940000000000003,0.4922072901846467,0
221,0.5940000000000001,0.4917644365061593,0
222,0.5940000000000001,0.491321981276424,0
223,0.5940000000000001,0.49087992413694453,0
224,1.844,0.4904382647295471,0
225,1.594,0.4899970026963802,0
226,0.544,0.4895561376799143,0
227,1.844,0.4891156693229416,0
228,1.844,0.48867559726857557,0
229,1.844,0.48823592116025094,0
230,2.0940000000000003,0.48779664064172307,0
231,0.794,0.487357755357068,0
232,2.0940000000000003,0.486919264950682,0
233,1.044,0.48648116906728117,0
234,2.0940000000000003,0.48604346735190135,0
235,1.594,0.48560615944989766,0
236,1.844,0.48516924500694447,0
237,2.0940000000000003,0.48473272366903486,0
238,1.594,0.48429659508248035,0
239,0.9440000000000002,0.4838608588939108,0
240,-6.606,0.483425514750274,0
241,-0.10599999999999993,0.4829905622988353,0
242,-0.3059999999999999,0.48255600118717745,0
243,0.9440000000000002,0.4821218310632004,0
244,-5.106,0.4816880515751207,0
245,2.0940000000000003,0.48125466237147146,0
246,0.794,0.4808216631011022,0
247,-0.45599999999999996,0.4803890534131781,0
248,-0.9059999999999999,0.4799568329571802,0
249,-2.9559999999999995,0.4795250013829048,0
250,1.044,0.47909355834046347,0
251,1.844,0.47866250348028233,0
252,0.5940000000000001,0.47823183645310213,0
253,-1.506,0.47780155690997794,0
254,0.09400000000000008,0.47737166450227875,0
255,-0.9059999999999999,0.4769421588816872,0
256,400.29699999999997,0.4765130397001992,1
257,-0.45300000000000007,0.4760843066101239,1
258,-0.0030000000000001137,0.4756559592640834,1
259,0.347,0.47522799731501203,1
260,1.047,0.4748004204161567,1
261,-0.7030000000000001,0.4743732282210761,1
262,1.597,0.4739464203836407,1
263,0.597,0.4735199965580324,1
264,0.597,0.4730939563987443,1
265,0.347,0.4726682995605802,1
266,401.54999999999995,0.47224302569865456,2
267,-1.9500000000000002,0.4718181344683922,2
268,-0.7000000000000002,0.47139362552552794,2
269,-0.7000000000000002,0.47096949852610626,2
270,-0.4500000000000002,0.4705457531264812,2
271,-1.1500000000000001,0.47012238898331604,2
272,0.34999999999999987,0.4696994057535828,2
273,-5.1,0.4692768030945623,2
274,-0.9000000000000001,0.46885458066384367,2
275,-1.1500000000000001,0.46843273811932395,2
276,1.5999999999999999,0.4680112751192082,2
277,-4.449999999999999,0.4675901913220089,2
278,-0.7000000000000002,0.4671694863865459,2
279,-3.1999999999999993,0.46674915997194577,2
280,0.09999999999999987,0.466329211737642,2
281,0.34999999999999987,0.4659096413433745,2
282,-1.5000000000000002,0.4654904484491891,2
283,-2.4000000000000004,0.4650716327154377,2
284,-0.4500000000000002,0.46465319380277775,2
285,-0.9000000000000001,0.4642351313721719,2
286,-0.4500000000000002,0.46381744508488815,2
287,-0.4500000000000002,0.4634001346024989,2
288,-1.1500000000000001,0.4629831995868812,2
289,0.5999999999999999,0.4625666397002164,2
290,-0.7000000000000002,0.46215045460498966,2
291,2.0999999999999996,0.46173464396398994,2
292,0.5999999999999999,0.4613192074403094,2
293,0.5999999999999999,0.4609041446973436,2
294,-2.9499999999999993,0.46048945539879066,2
295,-2.4000000000000004,0.46007513920865156,2
296,2.0999999999999996,0.4596611957912293,2
297,-1.1500000000000001,0.4592476248111293,2
298,2.0999999999999996,0.45883442593325835,2
299,-0.4500000000000002,0.45842159882282496,2
300,-3.85,0.4580091431453388,2
301,-2.1500000000000004,0.4575970585666104,2
302,0.3999999999999999,0.45718534475275124,2
303,-1.1500000000000001,0.4567740013701729,2
304,1.8499999999999999,0.4563630280855872,2
305,-2.4000000000000004,0.45595242456600604,2
306,0.34999999999999987,0.45554219047874056,2
307,-1.1500000000000001,0.45513232549140153,2
308,1.8499999999999999,0.4547228292718986,2
309,-2.6,0.45431370148844036,2
310,0.34999999999999987,0.4539049418095337,2
311,-1.1500000000000001,0.453496549903984,2
312,-0.3000000000000001,0.45308852544089456,2
313,0.5999999999999999,0.45268086808966634,2
314,-0.4500000000000002,0.45227357751999775,2
315,-1.9500000000000002,0.4518666534018843,2
316,-0.4500000000000002,0.45146009540561866,2
317,-0.9000000000000001,0.45105390320179,2
318,-0.9000000000000001,0.4506480764612838,2
319,-5.949999999999999,0.45024261485528183,2
320,1.5999999999999999,0.44983751805526156,2
321,-4.449999999999999,0.4494327857329961,2
322,-5.35,0.44902841756055395,2
323,-2.4000000000000004,0.4486244132102985,2
324,1.5999999999999999,0.44822077235488794,2
325,-0.55,0.4478174946672752,2
326,-4.449999999999999,0.4474145798207072,2
327,-2.4000000000000004,0.44701202748872493,2
328,-2.9499999999999993,0.4466098373451632,2
329,-6.8,0.4462080090641502,2
330,-5.1,0.4458065423201073,2
331,-3.8499999999999996,0.4454054367877489,2
332,-6.1499999999999995,0.44500469214208194,2
333,-1.35,0.44460430805840584,2
334,-1.5000000000000002,0.4442042842123122,2
335,-5.35,0.44380462027968437,2
336,-51.099999999999994,0.44340531593669746,2
337,-3.5999999999999996,0.4430063708598178,2
338,-10.8,0.442607784725803,2
339,-0.75,0.44220955721170124,2
340,-2.6,0.4418116879948515,2
341,-3.8499999999999996,0.441414176752883,2
342,-6.6,0.44101702316371505,2
343,-6.6,0.4406202269055565,2
344,-55.949999999999996,0.4402237876569061,2
345,-5.35,0.4398277050965516,2
346,-0.4500000000000002,0.4394319789035698,2
347,-5.949999999999999,0.43903660875732625,2
348,-3.5999999999999996,0.438641594337475,2
349,-10.2,0.4382469353239585,2
350,-6.6,0.4378526313970068,2
351,-5.1,0.437458682237138,2
352,-4.449999999999999,0.4370650875251574,2
353,-4.0,0.43667184694215766,2
354,-8.25,0.4362789601695183,2
355,-7.0,0.43588642688890544,2
356,-6.0,0.43549424678227183,2
357,-6.6,0.4351024195318561,2
358,-0.9000000000000001,0.4347109448201829,2
359,-6.6,0.4343198223300627,2
360,-4.449999999999999,0.43392905174459107,2
361,-0.4500000000000002,0.4335386327471489,2
362,-6.0,0.43314856502140175,2
363,-0.9000000000000001,0.43275884825130007,2
364,-5.1,0.43236948212107845,2
365,-5.1,0.4319804663152557,2
366,-1.8,0.4315918005186345,2
367,-1.9500000000000002,0.4312034844163009,2
368,-1.1500000000000001,0.4308155176936246,2
369,-0.9000000000000001,0.43042790003625814,2
370,-0.7000000000000002,0.43004063113013696,2
371,0.5999999999999999,0.42965371066147917,2
372,1.5999999999999999,0.4292671383167851,2
373,-50.449999999999996,0.42888091378283716,2
374,-2.4000000000000004,0.4284950367466996,2
375,-9.5,0.42810950689571814,2
376,0.34999999999999987,0.42772432391751997,2
377,-5.7,0.42733948750001316,2
378,-2.4000000000000004,0.42695499733138664,2
379,-4.8999999999999995,0.42657085310011,2
380,-3.6,0.4261870544949329,2
381,-5.35,0.4258036012048852,2
382,-1.1500000000000001,0.42542049291927647,2
383,-0.9000000000000001,0.4250377293276959,2
384,-1.0500000000000003,0.4246553101200119,2
385,-1.2000000000000002,0.4242732349863719,2
386,-10.35,0.42389150361720235,2
387,-0.3000000000000001,0.4235101157032078,2
388,-5.35,0.42312907093537144,2
389,-0.9000000000000001,0.4227483690049543,2
390,-4.75,0.42236800960349535,2
391,-5.3,0.42198799242281093,2
392,-6.0,0.42160831715499475,2
393,-6.0,0.4212289834924175,2
394,-4.5,0.4208499911277267,2
395,-4.5,0.42047133975384643,2
396,-9.55,0.42009302906397705,2
397,-0.55,0.4197150587515948,2
398,-5.949999999999999,0.41933742851045197,2
399,-1.9500000000000002,0.4189601380345762,2
400,-1.8,0.4185831870182705,2
401,-2.1500000000000004,0.41820657515611287,2
402,-3.1999999999999993,0.41783030214295613,2
403,-1.35,0.4174543676739277,2
404,-0.55,0.41707877144442923,2
405,-1.8,0.4167035131501365,2
406,0.95,0.41632859248699894,2
407,-0.3000000000000001,0.41595400915123976,2
408,-1.35,0.41557976283935544,2
409,-2.0,0.4152058532481154,2
410,0.95,0.4148322800745619,2
411,-4.5,0.41445904301601,2
412,-5.35,0.4140861417700469,2
413,-1.35,0.4137135760345318,2
414,-0.3000000000000001,0.41334134550759605,2
415,-4.1,0.4129694498876423,2
416,-1.2,0.41259788887334475,2
417,0.04999999999999993,0.41222666216364867,2
418,-6.8,0.4118557694577701,2
419,-0.3000000000000001,0.41148521045519576,2
420,0.29999999999999993,0.4111149848556828,2
421,-5.55,0.41074509235925855,2
422,-6.0,0.41037553266622007,2
423,-1.1500000000000001,0.4100063054771342,2
424,-0.75,0.40963741049283714,2
425,-6.0,0.4092688474144342,2
426,-1.35,0.4089006159432998,2
427,-1.1500000000000001,0.40853271578107686,2
428,-1.8,0.4081651466296768,2
429,-0.10000000000000009,0.40779790819127926,2
430,-0.55,0.40743100016833184,2
431,0.04999999999999993,0.4070644222635498,2
432,-9.3,0.4066981741799159,2
433,-10.2,0.4063322556206802,2
434,-0.3000000000000001,0.4059666662893597,2
435,-1.8,0.4056014058897381,2
436,-6.6,0.4052364741258657,2
437,-0.4500000000000002,0.4048718707020591,2
438,-1.1,0.40450759532290087,2
439,-1.8,0.4041436476932394,2
440,0.34999999999999987,0.40378002751818853,2
441,-4.449999999999999,0.4034167345031276,2
442,0.5499999999999998,0.4030537683537009,2
443,-6.6,0.40269112877581764,2
444,-1.1500000000000001,0.4023288154756515,2
445,-5.499999999999999,0.4019668281596408,2
446,-0.55,0.40160516653448763,2
447,-1.1500000000000001,0.40124383030715827,2
448,-1.9500000000000002,0.40088281918488244,2
449,-5.1,0.4005221328751534,2
450,-0.7000000000000002,0.4001617710857276,2
451,-4.449999999999999,0.39980173352462434,2
452,0.34999999999999987,0.3994420199001256,2
453,-10.8,0.399082629920776,2
454,-1.8,0.39872356329538217,2
455,-5.35,0.3983648197330129,2
456,-4.449999999999999,0.3980063989429987,2
457,0.5999999999999999,0.3976483006349316,2
458,-0.55,0.39729052451866487,2
459,-0.10000000000000009,0.39693307030431285,2
460,-1.9500000000000002,0.3965759377022508,2
461,0.34999999999999987,0.39621912642311446,2
462,-1.35,0.39586263617779993,2
463,-1.1500000000000001,0.3955064666774634,2
464,-2.4000000000000004,0.3951506176335211,2
465,1.3499999999999999,0.3947950887576487,2
466,-1.9500000000000002,0.39443987976178135,2
467,-0.7000000000000002,0.39408499035811345,2
468,-2.4000000000000004,0.39373042025909827,2
469,1.5999999999999999,0.39337616917744783,2
470,-0.9000000000000001,0.39302223682613263,2
471,-0.10000000000000009,0.3926686229183815,2
472,-2.4000000000000004,0.39231532716768114,2
473,0.34999999999999987,0.39196234928777607,2
474,-0.3000000000000001,0.3916096889926684,2
475,-1.1500000000000001,0.39125734599661766,2
476,-1.1500000000000001,0.39090532001414025,2
477,1.3499999999999999,0.3905536107600095,2
478,-4.449999999999999,0.39020221794925547,2
479,-1.1500000000000001,0.3898511412971646,2
480,-1.1500000000000001,0.3895003805192793,2
481,-1.1500000000000001,0.3891499353313982,2
482,-4.699999999999999,0.3887998054495755,2
483,-8.25,0.3884499905901208,2
484,-4.9,0.3881004904695991,2
485,0.5499999999999998,0.3877513048048303,2
486,-3.1999999999999993,0.387402433312889,2
487,-0.9000000000000001,0.38705387571110456,2
488,-4.449999999999999,0.38670563171706057,2
489,-0.7000000000000002,0.3863577010485948,2
490,-6.6,0.3860100834237987,2
491,-1.5000000000000002,0.3856627785610176,2
492,-0.9000000000000001,0.38531578617885004,2
493,-0.4500000000000002,0.3849691059961478,2
494,-0.9000000000000001,0.3846227377320158,2
495,0.34999999999999987,0.3842766811058113,2
496,-6.1499999999999995,0.38393093583714455,2
497,-0.9000000000000001,0.38358550164587774,2
498,-0.9000000000000001,0.38324037825212515,2
499,0.1499999999999999,0.38289556537625297,2
500,0.7999999999999998,0.38255106273887884,2
501,-1.9500000000000002,0.38220687006087195,2
502,-1.9500000000000002,0.38186298706335253,2
503,-5.5,0.38151941346769175,2
504,-1.1500000000000001,0.3811761489955115,2
505,-1.1500000000000001,0.38083319336868404,2
506,0.34999999999999987,0.38049054630933205,2
507,-1.1500000000000001,0.3801482075398279,2
508,-1.1500000000000001,0.37980617678279416,2
509,-0.9000000000000001,0.37946445376110266,2
510,0.34999999999999987,0.37912303819787474,2
511,0.5499999999999998,0.3787819298164807,2
512,0.5999999999999999,0.37844112834053983,2
513,-1.8,0.37810063349392015,2
514,0.34999999999999987,0.37776044500073797,2
515,-2.4000000000000004,0.37742056258535794,2
516,0.5999999999999999,0.3770809859723927,2
517,0.5999999999999999,0.3767417148867026,2
518,-1.1500000000000001,0.37640274905339566,2
519,-1.1500000000000001,0.376064088197827,2
520,0.34999999999999987,0.3757257320455991,2
521,-0.7000000000000002,0.37538768032256115,2
522,-1.1500000000000001,0.3750499327548091,2
523,-1.9500000000000002,0.37471248906868526,2
524,0.7999999999999998,0.3743753489907783,2
525,-10.2,0.3740385122479227,2
526,-1.2,0.3737019785671989,2
527,-0.9000000000000001,0.3733657476759327,2
528,-0.6500000000000001,0.37302981930169543,2
529,-1.1500000000000001,0.37269419317230335,2
530,-0.30000000000000004,0.3723588690158177,2
531,-1.9500000000000002,0.3720238465605445,2
532,-1.1500000000000001,0.37168912553503397,2
533,-0.55,0.37135470566808076,2
534,-1.5000000000000002,0.37102058668872345,2
535,0.5999999999999999,0.3706867683262445,2
536,0.09999999999999987,0.3703532503101698,2
537,-0.9000000000000001,0.3700200323702687,2
538,0.09999999999999987,0.36968711423655365,2
539,-0.7000000000000002,0.3693544956392801,2
540,-5.35,0.36902217630894607,2
541,-5.949999999999999,0.36869015597629207,2
542,-4.75,0.3683584343723009,2
543,-5.35,0.36802701122819753,2
544,-6.6,0.3676958862754485,2
545,0.34999999999999987,0.3673650592457622,2
546,-6.6,0.36703452987108814,2
547,-2.0,0.36670429788361736,2
548,-5.35,0.3663743630157816,2
549,-0.55,0.3660447250002533,2
550,0.95,0.36571538356994565,2
551,-4.1,0.365386338458012,2
552,-9.549999999999999,0.3650575893978457,2
553,-0.55,0.3647291361230803,2
554,-1.8,0.3644009783675886,2
555,-3.4499999999999993,0.36407311586548313,2
556,-1.1500000000000001,0.36374554835111556,2
557,0.09999999999999987,0.3634182755590765,2
558,-5.949999999999999,0.3630912972241955,2
559,-1.1500000000000001,0.3627646130815405,2
560,0.34999999999999987,0.3624382228664181,2
561,0.09999999999999987,0.3621121263143727,2
562,-1.1500000000000001,0.36178632316118686,2
563,0.7,0.36146081314288087,2
564,-0.9000000000000001,0.36113559599571243,2
565,-6.1499999999999995,0.36081067145617657,2
566,-0.30000000000000004,0.3604860392610055,2
567,-4.699999999999999,0.36016169914716806,2
568,-1.1500000000000001,0.35983765085187003,2
569,-1.1500000000000001,0.35951389411255347,2
570,-3.5999999999999996,0.3591904286668967,2
571,-5.35,0.3588672542528141,2
572,0.34999999999999987,0.35854437060845584,2
573,-1.1500000000000001,0.3582217774722076,2
574,-0.9000000000000001,0.35789947458269056,2
575,-3.1999999999999997,0.35757746167876103,2
576,-1.9500000000000002,0.3572557384995102,2
577,0.5499999999999998,0.35693430478426413,2
578,-1.1500000000000001,0.3566131602725834,2
579,0.34999999999999987,0.3562923047042628,2
580,-1.5000000000000002,0.35597173781933145,2
581,-2.6,0.35565145935805204,2
582,0.09999999999999987,0.3553314690609213,2
583,-4.1,0.3550117666686692,2
584,-2.4000000000000004,0.35469235192225906,2
585,0.7999999999999998,0.3543732245628874,2
586,-1.1500000000000001,0.35405438433198333,2
587,0.09999999999999987,0.3537358309712089,2
588,-0.9000000000000001,0.35341756422245835,2
589,1.5999999999999999,0.3530995838278582,2
590,-2.4000000000000004,0.35278188952976713,2
591,1.8499999999999999,0.35246448107077544,2
592,-6.6,0.3521473581937051,2
593,-0.9000000000000001,0.35183052064160947,2
594,-9.049999999999999,0.3515139681577732,2
595,-6.6,0.35119770048571175,2
596,-2.4000000000000004,0.3508817173691714,2
597,-4.449999999999999,0.35056601855212904,2
598,-0.7000000000000002,0.3502506037787919,2
599,-0.9000000000000001,0.3499354727935973,2
600,0.34999999999999987,0.3496206253412125,2
601,-0.9000000000000001,0.3493060611665345,2
602,-4.699999999999999,0.34899178001468995,2
603,-2.4000000000000004,0.3486777816310346,2
604,1.8499999999999999,0.3483640657611534,2
605,0.34999999999999987,0.34805063215086035,2
606,-3.6,0.3477374805461979,2
607,0.5499999999999998,0.34742461069343716,2
608,-6.6,0.3471120223390775,2
609,-4.699999999999999,0.34679971522984643,2
610,-1.9500000000000002,0.3464876891126991,2
611,-5.1,0.34617594373481864,2
612,-0.9000000000000001,0.3458644788436154,2
613,-1.1500000000000001,0.3455532941867271,2
614,-2.4000000000000004,0.3452423895120185,2
615,-0.7000000000000002,0.34493176456758134,2
616,-1.1500000000000001,0.3446214191017338,2
617,-1.1500000000000001,0.34431135286302067,2
618,-0.9000000000000001,0.34400156560021283,2
619,-1.1500000000000001,0.3436920570623074,2
620,-1.5000000000000002,0.34338282699852707,2
621,-0.9000000000000001,0.3430738751583204,2
622,-0.7000000000000002,0.34276520129136123,2
623,1.5999999999999999,0.3424568051475487,2
624,0.34999999999999987,0.342148686477007,2
625,-1.1500000000000001,0.34184084503008505,2
626,-0.9000000000000001,0.34153328055735643,2
627,0.34999999999999987,0.34122599280961924,2
628,0.34999999999999987,0.34091898153789557,2
629,-0.9000000000000001,0.3406122464934317,2
630,-1.8,0.3403057874276977,2
631,-1.1500000000000001,0.33999960409238716,2
632,-3.999999999999999,0.33969369623941714,2
633,-1.1500000000000001,0.33938806362092794,2
634,0.34999999999999987,0.33908270598928286,2
635,-0.7000000000000002,0.33877762309706794,2
636,-1.1500000000000001,0.33847281469709184,2
637,0.34999999999999987,0.3381682805423857,2
638,0.09999999999999987,0.3378640203862027,2
639,-0.9000000000000001,0.33756003398201834,2
640,1.5999999999999999,0.3372563210835296,2
641,-2.4000000000000004,0.33695288144465524,2
642,1.8499999999999999,0.3366497148195354,2
643,-2.4000000000000004,0.33634682096253127,2
644,1.5999999999999999,0.33604419962822535,2
645,-2.4000000000000004,0.33574185057142064,2
646,1.8499999999999999,0.335439773547141,2
647,-2.4000000000000004,0.33513796831063064,2
648,0.34999999999999987,0.3348364346173538,2
649,-0.9000000000000001,0.334535172222995,2
650,-0.9000000000000001,0.3342341808834584,2
651,-1.9500000000000002,0.3339334603548678,2
652,-1.9500000000000002,0.3336330103935665,2
653,-0.7000000000000002,0.333332830756117,2
654,1.0499999999999998,0.33303292119930084,2
655,-6.6,0.3327332814801183,2
656,-6.6,0.3324339113557885,2
657,0.34999999999999987,0.3321348105837487,2
658,-6.6,0.33183597892165456,2
659,-6.15,0.33153741612737986,2
660,0.34999999999999987,0.3312391219590161,2
661,-0.6500000000000001,0.3309410961748725,2
662,-0.3000000000000001,0.3306433385334758,2
663,0.09999999999999987,0.3303458487935697,2
664,-0.7000000000000002,0.33004862671411533,2
665,0.14999999999999986,0.3297516720542906,2
666,-1.35,0.32945498457349,2
667,-4.1,0.32915856403132443,2
668,0.5999999999999999,0.3288624101876213,2
669,0.09999999999999987,0.328566522802424,2
670,-9.55,0.3282709016359917,2
671,-6.0,0.3279755464487995,2
672,-5.55,0.32768045700153786,2
673,-4.75,0.32738563305511253,2
674,-6.0,0.32709107437064444,2
675,0.04999999999999993,0.32679678070946955,2
676,-6.0,0.3265027518331383,2
677,0.09999999999999987,0.326208987503416,2
678,-0.4500000000000002,0.32591548748228194,2
679,-0.9000000000000001,0.3256222515319298,2
680,-0.4500000000000002,0.3253292794147672,2
681,-4.449999999999999,0.3250365708934155,2
682,-2.4000000000000004,0.32474412573070954,2
683,-0.4500000000000002,0.32445194368969776,2
684,0.5499999999999998,0.3241600245336417,2
685,-2.4000000000000004,0.3238683680260157,2
686,0.34999999999999987,0.3235769739305072,2
687,-0.9000000000000001,0.3232858420110161,2
688,1.5999999999999999,0.32299497203165484,2
689,-5.35,0.322704363756748,2
690,-1.1500000000000001,0.3224140169508321,2
691,-0.4500000000000002,0.3221239313786558,2
692,-0.9000000000000001,0.32183410680517915,2
693,-4.9,0.3215445429955739,2
694,-2.0,0.32125523971522285,2
695,-1.5000000000000002,0.32096619672972,2
696,-0.4500000000000002,0.3206774138048703,2
697,-0.9000000000000001,0.3203888907066894,2
698,-2.4000000000000004,0.3201006272014034,2
699,-2.9499999999999993,0.31981262305544883,2
700,-0.9000000000000001,0.31952487803547225,2
701,-1.9500000000000002,0.3192373919083303,2
702,0.34999999999999987,0.31895016444108926,2
703,-0.7000000000000002,0.318663195401025,2
704,-0.9000000000000001,0.31837648455562295,2
705,-1.9500000000000002,0.3180900316725776,2
706,-1.1500000000000001,0.3178038365197924,2
707,0.34999999999999987,0.3175178988653798,2
708,-4.449999999999999,0.3172322184776607,2
709,-4.9,0.31694679512516455,2
710,-1.1500000000000001,0.31666162857662905,2
711,-1.5000000000000002,0.316376718601,2
712,-0.9000000000000001,0.316092064967431,2
713,-2.9499999999999997,0.3158076674452834,2
714,-6.6,0.315523525804126,2
715,-0.9000000000000001,0.3152396398137351,2
716,-6.6,0.31495600924409406,2
717,-4.449999999999999,0.31467263386539307,2
718,-1.1500000000000001,0.31438951344802923,2
719,-3.6,0.31410664776260616,2
720,-8.899999999999999,0.31382403657993385,2
721,-4.449999999999999,0.3135416796710286,2
722,-6.1499999999999995,0.3132595768071125,2
723,-2.4000000000000004,0.3129777277596139,2
724,-3.1999999999999997,0.31269613230016635,2
725,-6.15,0.3124147902006092,2
726,-6.6,0.31213370123298684,2
727,-1.1500000000000001,0.31185286516954885,2
728,-52.39999999999999,0.31157228178274987,2
729,-6.6,0.3112919508452491,2
730,-5.499999999999999,0.3110118721299102,2
731,-5.1,0.3107320454098015,2
732,-6.6,0.3104524704581952,2
733,2.0999999999999996,0.31017314704856763,2
734,-0.4500000000000002,0.309894074954599,2
735,0.34999999999999987,0.309615253950173,2
736,-3.5999999999999996,0.3093366838093768,2
737,-0.9000000000000001,0.3090583643065009,2
738,-1.1500000000000001,0.3087802952160389,2
739,-0.9000000000000001,0.3085024763126871,2
740,-4.699999999999999,0.3082249073713448,2
741,0.34999999999999987,0.3079475881671136,2
742,-0.4500000000000002,0.3076705184752974,2
743,-0.9000000000000001,0.30739369807140254,2
744,-1.1500000000000001,0.3071171267311372,2
745,-5.7,0.3068408042304113,2
746,-1.9500000000000002,0.30656473034533643,2
747,-1.1,0.3062889048522256,2
748,-49.849999999999994,0.30601332752759314,2
749,-6.8,0.30573799814815444,2
750,-5.55,0.30546291649082574,2
751,-1.4,0.30518808233272404,2
752,-2.0,0.30491349545116675,2
753,-4.75,0.30463915562367183,2
754,-11.0,0.3043650626279573,2
755,-1.9500000000000002,0.30409121624194124,2
756,-6.15,0.30381761624374143,2
757,-3.4499999999999997,0.30354426241167537,2
758,-10.149999999999999,0.30327115452426007,2
759,-10.35,0.30299829236021164,2
760,-1.35,0.30272567569844544,2
761,-0.75,0.3024533043180757,2
762,-10.35,0.3021811779984154,2
763,-5.55,0.30190929651897597,2
764,-2.0,0.30163765965946737,2
765,-5.55,0.30136626719979775,2
766,-6.0,0.3010951189200733,2
767,-10.35,0.3008242146005978,2
768,-7.0,0.30055355402187295,2
769,-2.4000000000000004,0.3002831369645979,2
770,-6.1499999999999995,0.30001296320966914,2
771,0.14999999999999986,0.29974303253818013,2
772,-9.3,0.2994733447314215,2
773,-6.8,0.2992038995708805,2
774,-0.55,0.2989346968382411,2
775,-6.6,0.2986657363153836,2
776,-8.899999999999999,0.29839701778438465,2
777,-10.8,0.29812854102751685,2
778,-5.949999999999999,0.2978603058272487,2
779,0.34999999999999987,0.2975923119662446,2
780,-1.1,0.2973245592273642,2
781,-0.3000000000000001,0.2970570473936629,2
782,-0.30000000000000004,0.29678977624839087,2
783,-0.10000000000000014,0.29652274557499364,2
784,-2.0,0.2962559551571114,2
785,-6.0,0.295989404778579,2
786,-14.35,0.29572309422342585,2
787,-1.8,0.29545702327587575,2
788,-2.6,0.2951911917203464,2
789,-1.8,0.2949255993414497,2
790,-48.8,0.29466024592399126,2
791,-0.3000000000000001,0.2943951312529703,2
792,-4.5,0.2941302551135794,2
793,-6.2,0.29386561729120453,2
794,-6.2,0.29360121757142477,2
795,-1.2,0.293337055740012,2
796,0.04999999999999993,0.29307313158293097,2
797,-2.2,0.2928094448863389,2
798,-1.2,0.2925459954365855,2
799,0.29999999999999993,0.29228278302021266,2
800,-1.2,0.2920198074239543,2
801,-8.899999999999999,0.29175706843473626,2
802,-1.8,0.2914945658396761,2
803,0.95,0.2912322994260828,2
804,-6.6,0.29097026898145695,2
805,-2.9499999999999993,0.29070847429349006,2
806,-10.2,0.2904469151500649,2
807,-11.0,0.29018559133925487,2
808,-2.0,0.28992450264932423,2
809,-2.1500000000000004,0.28966364886872764,2
810,-1.8,0.2894030297861101,2
811,-0.10000000000000009,0.2891426451903068,2
812,-1.8,0.2888824948703429,2
813,1.0499999999999998,0.2886225786154334,2
814,0.5999999999999999,0.28836289621498296,2
815,-1.8,0.2881034474585857,2
816,-4.9,0.287844232136025,2
817,-0.9000000000000001,0.2875852500372735,2
818,0.34999999999999987,0.2873265009524927,2
819,0.1499999999999999,0.28706798467203287,2
820,-2.4000000000000004,0.28680970098643305,2
821,0.7999999999999998,0.2865516496864207,2
822,-1.8,0.28629383056291147,2
823,0.95,0.28603624340700917,2
824,-0.9000000000000001,0.28577888801000556,2
825,0.09999999999999987,0.2855217641633803,2
826,-4.5,0.2852648716588005,2
827,-1.35,0.2850082102881208,2
828,0.04999999999999993,0.28475177984338307,2
829,-2.6,0.2844955801168163,2
830,-0.10000000000000014,0.28423961090083644,2
831,-1.1,0.2839838719880462,2
832,-0.55,0.28372836317123484,2
833,-1.55,0.28347308424337814,2
834,-1.2,0.28321803499763815,2
835,-6.0,0.28296321522736284,2
836,-5.35,0.2827086247260863,2
837,-0.55,0.28245426328752843,2
838,-1.1,0.28220013070559447,2
839,-4.9,0.28194622677437536,2
840,-5.1,0.2816925512881472,2
841,0.95,0.28143910404137107,2
842,-0.9000000000000001,0.28118588482869306,2
843,-1.35,0.28093289344494415,2
844,-1.8,0.2806801296851397,2
845,-2.1500000000000004,0.2804275933444798,2
846,-4.1,0.2801752842183484,2
847,-1.8,0.2799232021023139,2
848,-4.699999999999999,0.2796713467921285,2
849,-1.8,0.2794197180837281,2
850,0.95,0.27916831577323237,2
851,-0.30000000000000004,0.27891713965694415,2
852,-5.35,0.27866618953134986,2
853,-1.1,0.2784154651931188,2
854,0.7,0.27816496643910343,2
855,-10.35,0.27791469306633876,2
856,-1.8,0.2776646448720425,2
857,-1.8,0.27741482165361486,2
858,-0.10000000000000014,0.2771652232086383,2
859,-1.1500000000000001,0.27691584933487734,2
860,-3.1999999999999997,0.2766666998302786,2
861,-5.5,0.2764177744929703,2
862,0.95,0.2761690731212625,2
863,-2.6,0.2759205955136465,2
864,-1.35,0.27567234146879516,2
865,-4.8999999999999995,0.2754243107855623,2
866,-1.35,0.27517650326298276,2
867,-0.55,0.27492891870027225,2
868,-2.6,0.274681556896827,2
869,-0.10000000000000014,0.2744344176522238,2
870,-1.8,0.2741875007662199,2
871,0.95,0.2739408060387525,2
872,-2.0,0.27369433326993886,2
873,-5.35,0.2734480822600762,2
874,-1.1,0.27320205280964127,2
875,0.34999999999999987,0.2729562447192904,2
876,-5.1,0.27271065778985937,2
877,-1.8,0.2724652918223629,2
878,-6.0,0.272220146617995,2
879,-0.55,0.27197522197812846,2
880,-5.1,0.27173051770431483,2
881,-0.55,0.271486033598284,2
882,-4.449999999999999,0.27124176946194456,2
883,-2.4000000000000004,0.27099772509738307,2
884,1.8499999999999999,0.27075390030686425,2
885,0.09999999999999987,0.27051029489283085,2
886,-1.8,0.27026690865790315,2
887,-1.35,0.27002374140487917,2
888,0.1499999999999999,0.26978079293673435,2
889,-2.4000000000000004,0.2695380630566213,2
890,1.0499999999999998,0.2692955515678699,2
891,-5.1,0.26905325827398674,2
892,-0.4500000000000002,0.2688111829786555,2
893,-4.699999999999999,0.26856932548573625,2
894,-0.9000000000000001,0.26832768559926556,2
895,-4.699999999999999,0.26808626312345657,2
896,-0.9000000000000001,0.2678450578626982,2
897,1.5999999999999999,0.2676040696215556,2
898,-2.6,0.26736329820476973,2
899,0.09999999999999987,0.26712274341725717,2
900,0.5999999999999999,0.26688240506411004,2
901,0.09999999999999987,0.2666422829505959,2
902,-0.9000000000000001,0.2664023768821574,2
903,0.7999999999999998,0.2661626866644124,2
904,-1.1500000000000001,0.2659232121031535,2
905,-3.1999999999999997,0.26568395300434805,2
906,-1.1500000000000001,0.265444909174138,2
907,0.7999999999999998,0.26520608041883975,2
908,-2.4000000000000004,0.26496746654494396,2
909,0.34999999999999987,0.26472906735911544,2
910,-1.1500000000000001,0.26449088266819276,2
911,0.34999999999999987,0.26425291227918846,2
912,-1.1500000000000001,0.2640151559992887,2
913,-0.9000000000000001,0.2637776136358531,2
914,-1.35,0.2635402849964146,2
915,-1.1500000000000001,0.2633031698886792,2
916,1.8499999999999999,0.26306626812052614,2
917,-4.449999999999999,0.2628295795000073,2
918,-4.699999999999999,0.26259310383534734,2
919,-1.8,0.2623568409349436,2
920,-0.10000000000000009,0.2621207906073656,2
921,-4.699999999999999,0.2618849526613552,2
922,-5.35,0.2616493269058264,2
923,-5.35,0.26141391314986484,2
924,-1.1500000000000001,0.26117871120272834,2
925,0.09999999999999987,0.2609437208738461,2
926,-0.9000000000000001,0.2607089419728188,2
927,-0.9000000000000001,0.2604743743094185,2
928,0.5499999999999998,0.2602400176935883,2
929,-2.4000000000000004,0.2600058719354424,2
930,1.3499999999999999,0.2597719368452658,2
931,-1.1500000000000001,0.25953821223351414,2
932,0.5499999999999998,0.2593046979108138,2
933,-0.9000000000000001,0.2590713936879613,2
934,-3.1999999999999997,0.2588382993759235,2
935,-6.6,0.25860541478583743,2
936,-5.35,0.25837273972900987,2
937,-4.75,0.25814027401691747,2
938,-6.6,0.25790801746120645,2
939,-0.9000000000000001,0.2576759698736926,2
940,-3.9999999999999996,0.25744413106636094,2
941,-6.6,0.25721250085136566,2
942,-4.699999999999999,0.2569810790410299,2
943,-0.5,0.2567498654478459,2
944,-2.8,0.2565188598844743,2
945,-0.75,0.25628806216374445,2
946,-2.220446049250313e-16,0.25605747209865415,2
947,-0.9000000000000001,0.25582708950236926,2
948,0.09999999999999987,0.255596914188224,2
949,-5.949999999999999,0.2553669459697203,2
950,-1.1500000000000001,0.25513718466052815,2
951,-0.4500000000000002,0.25490763007448486,2
952,0.09999999999999987,0.25467828202559545,2
953,-2.4000000000000004,0.25444914032803223,2
954,1.3499999999999999,0.2542202047961348,2
955,-2.4000000000000004,0.25399147524440957,2
956,-4.699999999999999,0.2537629514875302,2
957,0.5999999999999999,0.25353463334033677,2
958,0.34999999999999987,0.2533065206178361,2
959,-3.1999999999999997,0.25307861313520136,2
960,-0.7000000000000002,0.25285091070777216,2
961,-2.4000000000000004,0.25262341315105413,2
962,-2.4000000000000004,0.25239612028071895,2
963,-1.1500000000000001,0.2521690319126041,2
964,1.3499999999999999,0.25194214786271285,2
965,1.5999999999999999,0.25171546794721394,2
966,-4.1,0.2514889919824415,2
967,-2.4000000000000004,0.25126271978489495,2
968,-0.55,0.25103665117123886,2
969,0.09999999999999987,0.25081078595830264,2
970,0.34999999999999987,0.2505851239630805,2
971,-2.4000000000000004,0.25035966500273144,2
972,-1.1500000000000001,0.25013440889457883,2
973,-1.1500000000000001,0.2499093554561105,2
974,-0.7000000000000002,0.24968450450497845,2
975,0.09999999999999987,0.2494598558589987,2
976,0.34999999999999987,0.2492354093361513,2
977,0.34999999999999987,0.24901116475457996,2
978,-2.4000000000000004,0.24878712193259206,2
979,1.5999999999999999,0.2485632806886584,2
980,-1.1500000000000001,0.2483396408414132,2
981,-1.1500000000000001,0.2481162022096538,2
982,-1.1500000000000001,0.24789296461234062,2
983,-5.5,0.24766992786859687,2
984,-0.9000000000000001,0.2474470917977086,2
985,-0.7000000000000002,0.2472244562191244,2
986,-2.4000000000000004,0.24700202095245533,2
987,-4.25,0.24677978581747473,2
988,-1.1500000000000001,0.24655775063411814,2
989,-4.699999999999999,0.24633591522248308,2
990,1.5999999999999999,0.24611427940282893,2
991,-1.35,0.24589284299557676,2
992,-2.6,0.24567160582130926,2
993,-5.949999999999999,0.24545056770077053,2
994,-1.1500000000000001,0.245229728454866,2
995,-1.9500000000000002,0.24500908790466208,2
996,0.7999999999999998,0.2447886458713864,2
997,-1.9500000000000002,0.24456840217642725,2
998,-1.1500000000000001,0.24434835664133372,2
999,-1.9500000000000002,0.24412850908781544,2
1000,-0.9000000000000001,0.2439088593377424,2
1001,-0.7000000000000002,0.24368940721314492,2
1002,-0.9000000000000001,0.24347015253621343,2
1003,-0.2500000000000002,0.24325109512929835,2
1004,-6.15,0.2430322348149099,2
1005,-5.35,0.24281357141571805,2
1006,-2.4000000000000004,0.24259510475455223,2
1007,-1.35,0.24237683465440135,2
1008,-3.85,0.24215876093841363,2
1009,-2.4000000000000004,0.24194088342989623,2
1010,-5.35,0.24172320195231548,2
1011,-3.85,0.2415057163292964,2
1012,-2.4000000000000004,0.24128842638462283,2
1013,0.95,0.24107133194223704,2
1014,-5.949999999999999,0.24085443282623975,2
1015,0.34999999999999987,0.24063772886088994,2
1016,-2.4000000000000004,0.24042121987060472,2
1017,0.34999999999999987,0.24020490567995917,2
1018,-0.7000000000000002,0.23998878611368624,2
1019,-0.9000000000000001,0.2397728609966765,2
1020,-0.4500000000000002,0.23955713015397812,2
1021,0.34999999999999987,0.23934159341079667,2
1022,-1.5000000000000002,0.23912625059249495,2
1023,-6.6,0.23891110152459297,2
1024,0.34999999999999987,0.23869614603276768,2
1025,-0.9000000000000001,0.23848138394285284,2
1026,0.34999999999999987,0.23826681508083897,2
1027,-0.7000000000000002,0.23805243927287312,2
1028,1.8499999999999999,0.23783825634525874,2
1029,-1.1500000000000001,0.23762426612445559,2
1030,0.5499999999999998,0.23741046843707958,2
1031,-10.8,0.23719686310990262,2
1032,-1.1500000000000001,0.23698344996985246,2
1033,-0.4500000000000002,0.23677022884401255,2
1034,-1.1500000000000001,0.23655719955962196,2
1035,0.34999999999999987,0.23634436194407515,2
1036,-4.1,0.23613171582492193,2
1037,-1.1500000000000001,0.23591926102986727,2
1038,-2.1500000000000004,0.2357069973867711,2
1039,-1.8,0.23549492472364822,2
1040,0.5499999999999998,0.23528304286866827,2
1041,-5.35,0.2350713516501554,2
1042,-0.7000000000000002,0.2348598508965883,2
1043,-0.4500000000000002,0.23464854043659994,2
1044,-0.7000000000000002,0.23443742009897742,2
1045,-6.1499999999999995,0.234226489712662,2
1046,-1.8,0.23401574910674874,2
1047,-0.7000000000000002,0.23380519811048653,2
1048,-1.1500000000000001,0.23359483655327787,2
1049,-3.4499999999999997,0.23338466426467874,2
1050,-1.1500000000000001,0.23317468107439854,2
1051,0.34999999999999987,0.2329648868122998,2
1052,-2.4000000000000004,0.23275528130839812,2
1053,0.5499999999999998,0.23254586439286215,2
1054,-2.0,0.23233663589601322,2
1055,0.5999999999999999,0.23212759564832544,2
1056,-5.35,0.23191874348042535,2
1057,-5.949999999999999,0.2317100792230919,2
1058,-0.9000000000000001,0.23150160270725634,2
1059,-0.55,0.23129331376400203,2
1060,0.29999999999999993,0.23108521222456424,2
1061,-0.7000000000000002,0.23087729792033015,2
1062,-5.35,0.23066957068283864,2
1063,-0.75,0.2304620303437801,2
1064,-1.35,0.23025467673499644,2
1065,-4.8999999999999995,0.23004750968848084,2
1066,-5.35,0.22984052903637758,2
1067,-1.35,0.229633734610982,2
1068,-0.55,0.22942712624474038,2
1069,-2.1500000000000004,0.22922070377024967,2
1070,-1.8,0.22901446702025752,2
1071,-0.10000000000000014,0.22880841582766204,2
1072,-1.8,0.22860255002551164,2
1073,-0.10000000000000014,0.22839686944700494,2
1074,-2.0,0.2281913739254907,2
1075,-1.35,0.22798606329446758,2
1076,-5.35,0.22778093738758404,2
1077,-1.35,0.22757599603863826,2
1078,-1.9500000000000002,0.22737123908157789,2
1079,-1.35,0.2271666663505,2
1080,-0.9000000000000001,0.226962277679651,2
1081,-1.35,0.22675807290342634,2
1082,-1.9500000000000002,0.2265540518563705,2
1083,-0.9000000000000001,0.22635021437317684,2
1084,-2.4000000000000004,0.22614656028868743,2
1085,-3.1999999999999993,0.22594308943789296,2
1086,-0.9000000000000001,0.22573980165593258,2
1087,0.34999999999999987,0.22553669677809374,2
1088,-5.499999999999999,0.22533377463981213,2
1089,-6.6,0.22513103507667145,2
1090,-0.7000000000000002,0.2249284779244034,2
1091,-5.35,0.22472610301888743,2
1092,-6.15,0.22452391019615067,2
1093,-6.1499999999999995,0.2243218992923678,2
1094,-5.1,0.2241200701438608,2
1095,-4.449999999999999,0.22391842258709904,2
1096,-2.4000000000000004,0.223716956458699,2
1097,0.7999999999999998,0.22351567159542407,2
1098,-2.4000000000000004,0.22331456783418463,2
1099,0.5499999999999998,0.22311364501203773,2
1100,-1.1500000000000001,0.222912902966187,2
1101,0.7999999999999998,0.2227123415339826,2
1102,-5.3,0.222511960552921,2
1103,-10.2,0.22231175986064491,2
1104,-1.9500000000000002,0.2221117392949431,2
1105,-1.35,0.22191189869375028,2
1106,-49.89999999999999,0.22171223789514694,2
1107,-5.1,0.22151275673735932,2
1108,0.34999999999999987,0.22131345505875918,2
1109,-0.9000000000000001,0.2211143326978637,2
1110,0.7999999999999998,0.22091538949333542,2
1111,-2.4000000000000004,0.22071662528398187,2
1112,-5.35,0.22051803990875576,2
1113,0.5999999999999999,0.22031963320675468,2
1114,-0.9000000000000001,0.220121405017221,2
1115,-5.1,0.2199233551795416,2
1116,-0.9000000000000001,0.21972548353324797,2
1117,-2.9499999999999993,0.21952778991801603,2
1118,-5.1,0.21933027417366585,2
1119,2.0999999999999996,0.2191329361401617,2
1120,-5.1,0.21893577565761171,2
1121,-0.9000000000000001,0.21873879256626805,2
1122,-2.4000000000000004,0.21854198670652644,2
1123,0.5999999999999999,0.21834535791892637,2
1124,-1.1500000000000001,0.21814890604415066,2
1125,-3.8499999999999996,0.21795263092302555,2
1126,0.5999999999999999,0.21775653239652049,2
1127,1.0499999999999998,0.21756061030574794,2
1128,-11.0,0.21736486449196343,2
1129,-6.0,0.21716929479656527,2
1130,-1.55,0.2169739010610944,2
1131,-6.0,0.21677868312723442,2
1132,-9.3,0.21658364083681134,2
1133,1.2,0.2163887740317935,2
1134,-6.8,0.2161940825542914,2
1135,-6.0,0.2159995662465576,2
1136,0.95,0.2158052249509866,2
1137,-6.6,0.21561105851011475,2
1138,-5.35,0.21541706676661995,2
1139,0.7,0.21522324956332178,2
1140,-6.0,0.21502960674318117,2
1141,-1.8,0.21483613814930036,2
1142,-0.30000000000000004,0.21464284362492272,2
1143,-0.3000000000000001,0.21444972301343276,2
1144,0.95,0.21425677615835578,2
1145,-6.0,0.21406400290335792,2
1146,-1.8,0.213871403092246,2
1147,0.95,0.2136789765689673,2
1148,-1.9500000000000002,0.21348672317760958,2
1149,0.7,0.21329464276240087,2
1150,-6.0,0.21310273516770933,2
1151,0.34999999999999987,0.21291100023804313,2
1152,-2.4000000000000004,0.2127194378180504,2
1153,-0.7000000000000002,0.21252804775251896,2
1154,-1.1500000000000001,0.21233682988637637,2
1155,-4.699999999999999,0.21214578406468962,2
1156,-5.1,0.2119549101326652,2
1157,-6.15,0.2117642079356488,2
1158,-4.9,0.21157367731912524,2
1159,-2.4000000000000004,0.21138331812871844,2
1160,-0.7000000000000002,0.21119313021019115,2
1161,-5.1,0.21100311340944491,2
1162,-1.8,0.21081326757251997,2
1163,-3.9999999999999996,0.210623592545595,2
1164,-9.55,0.21043408817498716,2
1165,-6.2,0.21024475430715175,2
1166,-2.6,0.21005559078868238,2
1167,-5.35,0.2098665974663106,2
1168,-5.1,0.20967777418690586,2
1169,-1.35,0.20948912079747542,2
1170,-5.5,0.20930063714516411,2
1171,-5.35,0.2091123230772544,2
1172,-2.6,0.2089241784411661,2
1173,-8.25,0.20873620308445628,2
1174,-1.9500000000000002,0.20854839685481927,2
1175,-1.1500000000000001,0.2083607596000863,2
1176,0.7999999999999998,0.2081732911682256,2
1177,-0.55,0.20798599140734214,2
1178,-5.5,0.20779886016567758,2
1179,-0.7000000000000002,0.20761189729161017,2
1180,-6.15,0.2074251026336545,2
1181,-2.4000000000000004,0.20723847604046147,2
1182,-4.1,0.20705201736081819,2
1183,-6.15,0.20686572644364776,2
1184,-2.4000000000000004,0.2066796031380093,2
1185,-1.1,0.2064936472930976,2
1186,-0.7000000000000002,0.20630785875824328,2
1187,-4.65,0.20612223738291244,2
1188,-0.9000000000000001,0.20593678301670662,2
1189,-1.1500000000000001,0.20575149550936273,2
1190,0.34999999999999987,0.20556637471075284,2
1191,-2.4000000000000004,0.20538142047088406,2
1192,-4.6499999999999995,0.20519663263989854,2
1193,-1.1500000000000001,0.20501201106807315,2
1194,-0.4500000000000002,0.20482755560581958,2
1195,-4.699999999999999,0.20464326610368402,2
1196,-0.9000000000000001,0.20445914241234722,2
1197,-1.1500000000000001,0.20427518438262418,2
1198,-6.6,0.20409139186546418,2
1199,-1.1500000000000001,0.20390776471195063,2
1200,-5.5,0.20372430277330086,2
1201,-1.1500000000000001,0.20354100590086607,2
1202,-51.949999999999996,0.2033578739461313,2
1203,-0.9000000000000001,0.20317490676071512,2
1204,-1.1500000000000001,0.2029921041963696,2
1205,-1.1500000000000001,0.2028094661049802,2
1206,-0.7000000000000002,0.20262699233856574,2
1207,-2.4000000000000004,0.20244468274927802,2
1208,0.7999999999999998,0.20226253718940204,2
1209,-1.1500000000000001,0.20208055551135556,2
1210,-5.5,0.20189873756768917,2
1211,-1.1500000000000001,0.20171708321108614,2
1212,-0.7000000000000002,0.20153559229436227,2
1213,-1.1500000000000001,0.2013542646704658,2
1214,-0.7000000000000002,0.2011731001924773,2
1215,-5.35,0.20099209871360946,2
1216,-1.9500000000000002,0.2008112600872071,2
1217,0.09999999999999987,0.20063058416674695,2
1218,-1.9500000000000002,0.2004500708058376,2
1219,0.09999999999999987,0.20026971985821931,2
1220,-49.64999999999999,0.200089531177764,2
1221,1.5999999999999999,0.19990950461847504,2
1222,-0.55,0.19972964003448712,2
1223,-0.75,0.1995499372800662,2
1224,-1.8,0.1993703962096094,2
1225,-1.8,0.19919101667764474,2
1226,1.2,0.19901179853883122,2
1227,0.1499999999999999,0.19883274164795858,2
1228,-0.3000000000000001,0.19865384585994722,2
1229,-5.35,0.19847511102984802,2
1230,-1.35,0.19829653701284233,2
1231,-0.3000000000000001,0.19811812366424178,2
1232,-5.55,0.1979398708394882,2
1233,-0.75,0.1977617783941534,2
1234,-11.0,0.1975838461839393,2
1235,-5.4,0.19740607406467747,2
1236,-4.75,0.19722846189232932,2
1237,-5.4,0.1970510095229858,2
1238,-4.5,0.19687371681286733,2
1239,-6.2,0.19669658361832373,2
1240,-10.2,0.19651960979583402,2
1241,-6.2,0.1963427952020064,2
1242,-5.4,0.19616613969357807,2
1243,-6.2,0.1959896431274151,2
1244,-0.9000000000000001,0.19581330536051234,2
1245,-2.1500000000000004,0.19563712624999335,2
1246,-0.10000000000000014,0.19546110565311026,2
1247,-2.4000000000000004,0.19528524342724357,2
1248,-0.9000000000000001,0.19510953942990208,2
1249,-5.35,0.1949339935187229,2
1250,-1.1500000000000001,0.1947586055514711,2
1251,-0.3000000000000001,0.1945833753860398,2
1252,-1.1500000000000001,0.19440830288045,2
1253,-0.9000000000000001,0.19423338789285036,2
1254,-2.4000000000000004,0.19405863028151724,2
1255,0.34999999999999987,0.19388402990485448,2
1256,0.5999999999999999,0.19370958662139334,2
1257,0.34999999999999987,0.19353530028979232,2
1258,-0.4500000000000002,0.19336117076883716,2
1259,-1.9500000000000002,0.19318719791744057,2
1260,0.5999999999999999,0.19301338159464226,2
1261,-4.699999999999999,0.19283972165960878,2
1262,1.5999999999999999,0.19266621797163333,2
1263,-1.8,0.19249287039013574,2
1264,1.2,0.19231967877466233,2
1265,-2.4000000000000004,0.1921466429848858,2
1266,-2.9499999999999997,0.19197376288060508,2
1267,-5.3,0.19180103832174525,2
1268,-0.55,0.1916284691683574,2
1269,-1.1,0.1914560552806186,2
1270,-0.55,0.19128379651883168,2
1271,1.2,0.19111169274342515,2
1272,-1.35,0.1909397438149531,2
1273,-4.5,0.19076794959409513,2
1274,-5.35,0.1905963099416561,2
1275,-0.75,0.1904248247185662,2
1276,-1.8,0.1902534937858807,2
1277,-4.8999999999999995,0.1900823170047799,2
1278,-1.2,0.18991129423656897,2
1279,-1.8,0.1897404253426779,2
1280,0.7,0.18956971018466137,2
1281,-5.55,0.18939914862419857,2
1282,-4.75,0.18922874052309316,2
1283,-5.4,0.18905848574327314,2
1284,-1.4,0.1888883841467908,2
1285,-5.35,0.18871843559582244,2
1286,-3.4499999999999997,0.18854863995266843,2
1287,-3.8499999999999996,0.188378997079753,2
1288,-1.8,0.1882095068396242,2
1289,-0.6500000000000001,0.18804016909495375,2
1290,-6.1499999999999995,0.1878709837085369,2
1291,-0.55,0.1877019505432923,2
1292,-1.8,0.18753306946226206,2
1293,0.1499999999999999,0.18736434032861138,2
1294,-1.8,0.1871957630056287,2
1295,0.95,0.1870273373567254,2
1296,-0.55,0.1868590632454357,2
1297,-1.2,0.1866909405354167,2
1298,-0.3000000000000001,0.18652296909044813,2
1299,0.1499999999999999,0.18635514877443227,2
1300,-0.3000000000000001,0.18618747945139386,2
1301,-0.55,0.18601996098548002,2
1302,-5.1,0.18585259324096004,2
1303,-0.55,0.18568537608222532,2
1304,-5.35,0.18551830937378935,2
1305,-1.8,0.18535139298028747,2
1306,-2.6,0.18518462676647687,2
1307,-2.220446049250313e-16,0.1850180105972363,2
1308,-0.3000000000000001,0.18485154433756618,2
1309,0.95,0.18468522785258834,2
1310,-1.8,0.18451906100754606,2
1311,0.95,0.18435304366780375,2
1312,-2.6,0.18418717569884702,2
1313,0.7,0.18402145696628244,2
1314,-1.8,0.1838558873358376,2
1315,0.34999999999999987,0.18369046667336084,2
1316,-2.4000000000000004,0.1835251948448212,2
1317,0.34999999999999987,0.1833600717163083,2
1318,-3.1999999999999997,0.1831950971540323,2
1319,-4.449999999999999,0.18303027102432365,2
1320,-1.1500000000000001,0.18286559319363313,2
1321,0.09999999999999987,0.18270106352853166,2
1322,-6.6,0.18253668189571023,2
1323,-1.1500000000000001,0.18237244816197973,2
1324,0.34999999999999987,0.18220836219427092,2
1325,-1.35,0.18204442385963426,2
1326,-0.9000000000000001,0.18188063302523985,2
1327,0.09999999999999987,0.18171698955837728,2
1328,-0.9000000000000001,0.18155349332645557,2
1329,-1.1500000000000001,0.18139014419700303,2
1330,-0.4500000000000002,0.18122694203766715,2
1331,-1.1500000000000001,0.18106388671621448,2
1332,1.8499999999999999,0.18090097810053057,2
1333,-1.1500000000000001,0.18073821605861987,2
1334,0.34999999999999987,0.18057560045860555,2
1335,-1.1500000000000001,0.1804131311687294,2
1336,0.5999999999999999,0.1802508080573518,2
1337,-0.7000000000000002,0.18008863099295158,2
1338,1.5999999999999999,0.17992659984412593,2
1339,-2.4000000000000004,0.17976471447959017,2
1340,-1.1500000000000001,0.17960297476817783,2
1341,0.34999999999999987,0.1794413805788404,2
1342,0.09999999999999987,0.1792799317806473,2
1343,0.34999999999999987,0.17911862824278577,2
1344,-3.4499999999999997,0.1789574698345607,2
1345,-2.4000000000000004,0.1787964564253946,2
1346,-0.7000000000000002,0.17863558788482747,2
1347,-1.1500000000000001,0.1784748640825167,2
1348,0.09999999999999987,0.17831428488823692,2
1349,-1.1500000000000001,0.17815385017187996,2
1350,-0.7000000000000002,0.17799355980345466,2
1351,-1.1500000000000001,0.17783341365308689,2
1352,0.34999999999999987,0.1776734115910193,2
1353,-2.1500000000000004,0.17751355348761133,2
1354,-2.4000000000000004,0.17735383921333908,2
1355,-0.9000000000000001,0.17719426863879512,2
1356,0.5999999999999999,0.1770348416346885,2
1357,-4.699999999999999,0.1768755580718446,2
1358,-3.85,0.17671641782120498,2
1359,-2.6,0.17655742075382738,2
1360,0.95,0.1763985667408855,2
1361,-10.8,0.17623985565366898,2
1362,-0.3000000000000001,0.17608128736358325,2
1363,-0.55,0.17592286174214944,2
1364,-1.8,0.17576457866100426,2
1365,-0.10000000000000014,0.17560643799189996,2
1366,-0.3000000000000001,0.17544843960670414,2
1367,-4.699999999999999,0.17529058337739972,2
1368,0.34999999999999987,0.17513286917608473,2
1369,-1.1500000000000001,0.17497529687497237,2
1370,0.5999999999999999,0.17481786634639077,2
1371,-1.1500000000000001,0.17466057746278285,2
1372,0.5999999999999999,0.17450343009670646,2
1373,-4.1,0.17434642412083398,2
1374,-6.6,0.17418955940795242,2
1375,-3.85,0.1740328358309632,2
1376,-1.2,0.17387625326288214,2
1377,-1.1500000000000001,0.17371981157683927,2
1378,-2.4000000000000004,0.1735635106460788,2
1379,-5.949999999999999,0.17340735034395902,2
1380,-3.4499999999999993,0.1732513305439521,2
1381,-0.9000000000000001,0.173095451119644,2
1382,-5.949999999999999,0.17293971194473456,2
1383,1.8499999999999999,0.1727841128930372,2
1384,-4.699999999999999,0.1726286538384788,2
1385,0.34999999999999987,0.17247333465509976,2
1386,-0.9000000000000001,0.17231815521705374,2
1387,1.3499999999999999,0.1721631153986077,2
1388,-1.8,0.17200821507414174,2
1389,-0.55,0.17185345411814887,2
1390,-4.699999999999999,0.17169883240523512,2
1391,-2.6,0.17154434981011932,2
1392,0.34999999999999987,0.171390006207633,2
1393,-0.9000000000000001,0.1712358014727203,2
1394,-1.1500000000000001,0.1710817354804379,2
1395,-1.1500000000000001,0.1709278081059549,2
1396,0.34999999999999987,0.17077401922455268,2
1397,-0.4500000000000002,0.1706203687116249,2
1398,-0.10000000000000009,0.17046685644267726,2
1399,-1.8,0.1703134822933275,2
1400,-1.1500000000000001,0.17016024613930525,2
1401,-1.1500000000000001,0.17000714785645202,2
1402,-5.1,0.16985418732072094,2
1403,0.34999999999999987,0.16970136440817682,2
1404,-3.4499999999999993,0.16954867899499593,2
1405,-1.1500000000000001,0.16939613095746597,2
1406,0.09999999999999987,0.16924372017198594,2
1407,1.5999999999999999,0.16909144651506605,2
1408,-6.0,0.16893930986332759,2
1409,-1.1500000000000001,0.16878731009350292,2
1410,-1.1500000000000001,0.16863544708243525,2
1411,0.34999999999999987,0.16848372070707865,2
1412,-2.4000000000000004,0.16833213084449783,2
1413,1.8499999999999999,0.16818067737186815,2
1414,-0.9000000000000001,0.1680293601664755,2
1415,0.34999999999999987,0.16787817910571615,2
1416,-6.6,0.16772713406709666,2
1417,0.5999999999999999,0.16757622492823385,2
1418,-2.4000000000000004,0.16742545156685465,2
1419,1.8499999999999999,0.16727481386079593,2
1420,-0.4500000000000002,0.16712431168800457,2
1421,-5.949999999999999,0.1669739449265372,2
1422,-0.4500000000000002,0.16682371345456015,2
1423,-5.55,0.16667361715034945,2
1424,-6.6,0.1665236558922906,2
1425,-4.9,0.16637382955887847,2
1426,-3.1999999999999993,0.16622413802871738,2
1427,-10.149999999999999,0.1660745811805208,2
1428,-1.1500000000000001,0.1659251588931112,2
1429,-0.4500000000000002,0.16577587104542035,2
1430,-2.4000000000000004,0.16562671751648872,2
1431,-0.9000000000000001,0.1654776981854657,2
1432,-2.4000000000000004,0.1653288129316094,2
1433,0.5499999999999998,0.16518006163428656,2
1434,-0.9000000000000001,0.1650314441729725,2
1435,-3.4499999999999993,0.16488296042725092,2
1436,-4.699999999999999,0.16473461027681388,2
1437,-3.1999999999999993,0.1645863936014617,2
1438,-5.699999999999999,0.16443831028110284,2
1439,-6.6,0.1642903601957538,2
1440,-1.1500000000000001,0.16414254322553906,2
1441,-8.9,0.1639948592506909,2
1442,-6.6,0.16384730815154944,2
1443,-4.699999999999999,0.16369988980856237,2
1444,-2.4000000000000004,0.16355260410228503,2
1445,-5.1,0.16340545091338018,2
1446,0.29999999999999993,0.16325843012261795,2
1447,-3.4499999999999993,0.16311154161087577,2
1448,-0.4500000000000002,0.16296478525913824,2
1449,-5.949999999999999,0.162818160948497,2
1450,-2.4000000000000004,0.16267166856015072,2
1451,-0.7000000000000002,0.162525307975405,2
1452,-4.449999999999999,0.16237907907567212,2
1453,-5.35,0.16223298174247114,2
1454,-4.449999999999999,0.1620870158574277,2
1455,-0.7000000000000002,0.16194118130227397,2
1456,-5.1,0.16179547795884847,2
1457,-2.4000000000000004,0.16164990570909613,2
1458,1.0499999999999998,0.16150446443506797,2
1459,-2.4000000000000004,0.1613591540189212,2
1460,0.7999999999999998,0.16121397434291906,2
1461,-0.9000000000000001,0.16106892528943076,2
1462,-0.4500000000000002,0.16092400674093127,2
1463,-2.4000000000000004,0.16077921858000133,2
1464,-0.4500000000000002,0.1606345606893273,2
1465,-8.649999999999999,0.16049003295170117,2
1466,-5.1,0.16034563525002032,2
1467,-1.5000000000000002,0.1602013674672875,2
1468,-6.1499999999999995,0.16005722948661072,2
1469,-5.1,0.15991322119120321,2
1470,-0.2500000000000002,0.1597693424643832,2
1471,-2.4000000000000004,0.15962559318957395,2
1472,-0.4500000000000002,0.15948197325030364,2
1473,-1.8,0.15933848253020513,2
1474,1.0499999999999998,0.1591951209130161,2
1475,-1.8,0.1590518882825788,2
1476,-5.35,0.1589087845228399,2
1477,-0.7000000000000002,0.15876580951785066,2
1478,-5.1,0.1586229631517665,2
1479,-1.8,0.15848024530884713,2
1480,-0.7000000000000002,0.15833765587345647,2
1481,-6.0,0.15819519473006233,2
1482,-6.0,0.1580528617632366,2
1483,-5.55,0.15791065685765496,2
1484,-10.8,0.15776857989809684,2
1485,-6.8,0.15762663076944539,2
1486,-6.0,0.1574848093566873,2
1487,-6.0,0.1573431155449127,2
1488,-5.55,0.15720154921931523,2
1489,-6.8,0.1570601102651917,2
1490,-10.35,0.1569187985679422,2
1491,-6.0,0.15677761401306986,2
1492,-5.55,0.1566365564861809,2
1493,-1.2,0.15649562587298443,2
1494,-5.55,0.15635482205929238,2
1495,-2.4000000000000004,0.1562141449310194,2
1496,-0.4500000000000002,0.15607359437418286,2
1497,-1.1500000000000001,0.1559331702749026,2
1498,0.7999999999999998,0.155792872519401,2
1499,2.0999999999999996,0.15565270099400272,2
1500,-0.4500000000000002,0.15551265558513477,2
1501,-0.7000000000000002,0.15537273617932632,2
1502,-0.9000000000000001,0.15523294266320864,2
1503,-1.1500000000000001,0.155093274923515,2
1504,-0.4500000000000002,0.15495373284708053,2
1505,-1.1500000000000001,0.1548143163208423,2
1506,0.5999999999999999,0.15467502523183896,2
1507,-1.9500000000000002,0.1545358594672109,2
1508,0.5999999999999999,0.15439681891420004,2
1509,-1.1500000000000001,0.15425790346014967,2
1510,0.5999999999999999,0.1541191129925045,2
1511,-2.4000000000000004,0.15398044739881056,2
1512,2.0999999999999996,0.15384190656671495,2
1513,-1.1500000000000001,0.15370349038396597,2
1514,-0.4500000000000002,0.15356519873841282,2
1515,-1.1500000000000001,0.15342703151800566,2
1516,-47.89999999999999,0.15328898861079546,2
1517,0.34999999999999987,0.15315106990493388,2
1518,0.5499999999999998,0.15301327528867328,2
1519,-5.949999999999999,0.15287560465036645,2
1520,-4.1,0.15273805787846675,2
1521,-6.0,0.15260063486152786,2
1522,-1.1500000000000001,0.1524633354882037,2
1523,-6.0,0.15232615964724844,2
1524,-6.0,0.15218910722751622,2
1525,-4.5,0.15205217811796132,2
1526,-6.0,0.15191537220763784,2
1527,-4.5,0.15177868938569974,2
1528,-4.5,0.15164212954140074,2
1529,-4.75,0.15150569256409413,2
1530,-4.75,0.15136937834323277,2
1531,-1.8,0.15123318676836905,2
1532,0.7,0.15109711772915468,2
1533,-6.0,0.15096117111534063,2
1534,-2.4000000000000004,0.1508253468167771,2
1535,0.5499999999999998,0.15068964472341337,2
1536,-1.1500000000000001,0.15055406472529775,2
1537,-4.5,0.1504186067125775,2
1538,-6.0,0.1502832705754987,2
1539,-6.8,0.1501480562044062,2
1540,-6.0,0.15001296348974344,2
1541,-6.0,0.14987799232205248,2
1542,-5.550000000000001,0.14974314259197388,2
1543,-6.0,0.14960841419024656,2
1544,-5.550000000000001,0.14947380700770774,2
1545,-6.0,0.1493393209352929,2
1546,-0.4500000000000002,0.14920495586403565,2
1547,-4.699999999999999,0.1490707116850676,2
1548,-0.4500000000000002,0.1489365882896183,2
1549,-0.9000000000000001,0.1488025855690152,2
1550,-0.7000000000000002,0.14866870341468355,2
1551,-5.35,0.1485349417181462,2
1552,-1.9500000000000002,0.1484013003710237,2
1553,-0.7000000000000002,0.14826777926503404,2
1554,-1.9500000000000002,0.1481343782919927,2
1555,-0.7000000000000002,0.14800109734381242,2
1556,-1.9500000000000002,0.14786793631250325,2
1557,-0.7000000000000002,0.14773489509017237,2
1558,-1.35,0.14760197356902408,2
1559,-1.35,0.14746917164135956,2
1560,-1.35,0.147336489199577,2
1561,-1.35,0.1472039261361714,2
1562,-1.8,0.14707148234373443,2
1563,0.1499999999999999,0.1469391577149544,2
1564,0.04999999999999993,0.14680695214261616,2
1565,-2.4000000000000004,0.1466748655196011,2
1566,0.7999999999999998,0.14654289773888693,2
1567,-2.4000000000000004,0.14641104869354768,2
1568,-0.2500000000000002,0.14627931827675356,2
1569,-2.4000000000000004,0.14614770638177088,2
1570,-4.249999999999999,0.14601621290196204,2
1571,-2.4000000000000004,0.1458848377307853,2
1572,-0.4500000000000002,0.14575358076179493,2
1573,-0.9000000000000001,0.1456224418886408,2
1574,-0.2500000000000002,0.14549142100506854,2
1575,-2.4000000000000004,0.14536051800491936,2
1576,-1.1500000000000001,0.14522973278213008,2
1577,0.09999999999999987,0.14509906523073282,2
1578,-0.7000000000000002,0.14496851524485513,2
1579,-6.6,0.14483808271871976,2
1580,0.34999999999999987,0.14470776754664463,2
1581,-0.4500000000000002,0.1445775696230428,2
1582,-1.9500000000000002,0.14444748884242228,2
1583,1.2,0.144317525099386,2
1584,-5.35,0.14418767828863177,2
1585,-5.949999999999999,0.14405794830495208,2
1586,-3.999999999999999,0.14392833504323413,2
1587,0.09999999999999987,0.1437988383984596,2
1588,-5.1,0.1436694582657048,2
1589,-5.1,0.14354019454014033,2
1590,-5.35,0.14341104711703115,2
1591,-2.6,0.14328201589173645,2
1592,-0.9000000000000001,0.14315310075970958,2
1593,-1.9500000000000002,0.14302430161649793,2
1594,2.0999999999999996,0.14289561835774287,2
1595,-1.9500000000000002,0.1427670508791797,2
1596,-2.9499999999999993,0.14263859907663748,2
1597,-1.9500000000000002,0.14251026284603904,2
1598,-1.1500000000000001,0.1423820420834008,2
1599,-0.4500000000000002,0.1422539366848328,2
1600,0.5999999999999999,0.1421259465465385,2
1601,-1.9500000000000002,0.1419980715648148,2
1602,0.5999999999999999,0.14187031163605185,2
1603,-2.4000000000000004,0.14174266665673305,2
1604,-53.199999999999996,0.14161513652343494,2
1605,-0.7000000000000002,0.1414877211328271,2
1606,-8.25,0.1413604203816721,2
1607,-2.4000000000000004,0.14123323416682537,2
1608,-1.35,0.14110616238523518,2
1609,-4.699999999999999,0.14097920493394245,2
1610,-5.699999999999999,0.14085236171008078,2
1611,-6.6,0.14072563261087637,2
1612,-1.35,0.14059901753364779,2
1613,-0.7000000000000002,0.14047251637580607,2
1614,-5.35,0.14034612903485452,2
1615,-1.8,0.1402198554083887,2
1616,-0.55,0.1400936953940962,2
1617,-1.9500000000000002,0.13996764888975674,2
1618,-0.7000000000000002,0.13984171579324206,2
1619,-1.9500000000000002,0.13971589600251572,2
1620,-3.85,0.13959018941563306,2
1621,-2.4000000000000004,0.13946459593074123,2
1622,-4.25,0.13933911544607894,2
1623,-6.6,0.1392137478599765,2
1624,-6.15,0.1390884930708557,2
1625,-3.85,0.13896335097722967,2
1626,-6.0,0.13883832147770292,2
1627,-5.55,0.13871340447097116,2
1628,-0.5,0.13858859985582123,2
1629,-5.4,0.13846390753113108,2
1630,-5.1,0.13833932739586957,2
1631,-0.9000000000000001,0.13821485934909652,2
1632,-0.30000000000000004,0.13809050328996256,2
1633,-1.9500000000000002,0.13796625911770904,2
1634,0.09999999999999987,0.137842126731668,2
1635,-0.4500000000000002,0.137718106031262,2
1636,-1.1500000000000001,0.1375941969160041,2
1637,-0.9000000000000001,0.13747039928549784,2
1638,-1.1500000000000001,0.137346713039437,2
1639,0.7999999999999998,0.13722313807760567,2
1640,-1.8,0.13709967429987807,2
1641,-0.4500000000000002,0.13697632160621856,2
1642,-2.4000000000000004,0.13685307989668147,2
1643,-0.4500000000000002,0.136729949071411,2
1644,-5.35,0.13660692903064128,2
1645,-1.35,0.13648401967469614,2
1646,-5.35,0.13636122090398917,2
1647,-0.9000000000000001,0.1362385326190235,2
1648,0.7999999999999998,0.13611595472039176,2
1649,-5.1,0.13599348710877604,2
1650,-0.4500000000000002,0.13587112968494786,2
1651,-0.3000000000000001,0.1357488823497679,2
1652,0.14999999999999986,0.13562674500418612,2
1653,-0.55,0.13550471754924162,2
1654,-1.8,0.13538279988606244,2
1655,-5.3,0.13526099191586563,2
1656,-4.75,0.13513929353995713,2
1657,-4.75,0.13501770465973167,2
1658,-1.2,0.1348962251766727,2
1659,-1.35,0.1347748549923523,2
1660,-5.35,0.13465359400843113,2
1661,-0.9000000000000001,0.1345324421266583,2
1662,-4.75,0.13441139924887133,2
1663,-51.8,0.13429046527699603,2
1664,-4.699999999999999,0.13416964011304652,2
1665,-5.949999999999999,0.13404892365912505,2
1666,-0.10000000000000009,0.13392831581742193,2
1667,-5.55,0.13380781649021545,2
1668,-1.9500000000000002,0.13368742557987193,2
1669,-6.6,0.1335671429888454,2
1670,-0.9000000000000001,0.13344696861967775,2
1671,-1.9500000000000002,0.13332690237499853,2
1672,-1.1500000000000001,0.13320694415752485,2
1673,-0.4500000000000002,0.13308709387006146,2
1674,-1.9500000000000002,0.13296735141550042,2
1675,0.5999999999999999,0.13284771669682127,2
1676,0.34999999999999987,0.13272818961709076,2
1677,0.7999999999999998,0.13260877007946295,2
1678,-6.6,0.13248945798717893,2
1679,0.5999999999999999,0.1323702532435669,2
1680,-0.55,0.13225115575204208,2
1681,0.34999999999999987,0.1321321654161065,2
1682,-1.8,0.1320132821393491,2
1683,0.95,0.1318945058254455,2
1684,-5.35,0.13177583637815807,2
1685,-1.8,0.13165727370133562,2
1686,-0.3000000000000001,0.13153881769891357,2
1687,-1.1500000000000001,0.1314204682749138,2
1688,-3.8499999999999996,0.1313022253334445,2
1689,-0.7000000000000002,0.13118408877870008,2
1690,-6.8,0.13106605851496125,2
1691,-9.55,0.1309481344465948,2
1692,-1.8,0.1308303164780536,2
1693,0.7,0.1307126045138764,2
1694,-1.8,0.1305949984586879,2
1695,-4.1,0.13047749821719862,2
1696,-6.0,0.13036010369420475,2
1697,-0.55,0.13024281479458827,2
1698,-5.35,0.1301256314233166,2
1699,-0.55,0.1300085534854427,2
1700,-1.35,0.12989158088610503,2
1701,-0.55,0.12977471353052733,2
1702,-4.75,0.1296579513240186,2
1703,-1.8,0.1295412941719731,2
1704,-0.55,0.12942474197987014,2
1705,-0.3000000000000001,0.12930829465327415,2
1706,0.7,0.12919195209783446,2
1707,-2.6,0.1290757142192853,2
1708,0.7,0.12895958092344575,2
1709,-1.8,0.12884355211621962,2
1710,-0.55,0.12872762770359533,2
1711,-0.55,0.12861180759164595,2
1712,-0.55,0.12849609168652903,2
1713,-1.1,0.12838047989448653,2
1714,-1.8,0.1282649721218448,2
1715,-0.55,0.12814956827501447,2
1716,-5.35,0.12803426826049039,2
1717,0.95,0.12791907198485147,2
1718,-1.2,0.12780397935476073,2
1719,-0.5,0.12768899027696518,2
1720,-0.55,0.12757410465829572,2
1721,-1.35,0.127459322405667,2
1722,-1.8,0.1273446434260776,2
1723,0.95,0.12723006762660957,2
1724,-4.75,0.1271155949144287,2
1725,-1.4,0.12700122519678422,2
1726,-1.4,0.12688695838100889,2
1727,-5.4,0.1267727943745188,2
1728,-0.6000000000000001,0.12665873308481335,2
1729,-0.6000000000000001,0.12654477441947518,2
1730,-0.6000000000000001,0.12643091828617004,2
1731,0.29999999999999993,0.12631716459264677,2
1732,-4.75,0.1262035132467373,2
1733,-1.8,0.12608996415635632,2
1734,-0.55,0.1259765172295015,2
1735,-1.2,0.12586317237425326,2
1736,-0.55,0.1257499294987747,2
1737,-5.35,0.12563678851131155,2
1738,-0.3000000000000001,0.12552374932019209,2
1739,-5.35,0.1254108118338271,2
1740,-0.55,0.12529797596070977,2
1741,-1.1,0.1251852416094156,2
1742,-0.55,0.12507260868860237,2
1743,-0.3000000000000001,0.12496007710701003,2
1744,-0.55,0.12484764677346062,2
1745,-0.3000000000000001,0.12473531759685827,2
1746,-6.0,0.124623089486189,2
1747,-0.3000000000000001,0.12451096235052078,2
1748,0.1499999999999999,0.12439893609900338,2
1749,-2.6,0.12428701064086826,2
1750,-1.1500000000000001,0.12417518588542861,2
1751,-5.5,0.12406346174207919,2
1752,-1.1500000000000001,0.1239518381202963,2
1753,-0.4500000000000002,0.12384031492963764,2
1754,-0.55,0.12372889207974232,2
1755,-0.55,0.12361756948033074,2
1756,-0.7000000000000002,0.12350634704120456,2
1757,-0.9000000000000001,0.12339522467224652,2
1758,-4.1,0.1232842022834205,2
1759,-6.0,0.12317327978477138,2
1760,-0.55,0.12306245708642496,2
1761,-2.4000000000000004,0.12295173409858792,2
1762,0.7999999999999998,0.12284111073154771,2
1763,-8.899999999999999,0.12273058689567252,2
1764,-2.4000000000000004,0.12262016250141117,2
1765,0.7999999999999998,0.12250983745929304,2
1766,-2.4000000000000004,0.12239961167992804,2
1767,0.09999999999999987,0.12228948507400648,2
1768,-0.9000000000000001,0.12217945755229905,2
1769,-0.2500000000000002,0.12206952902565668,2
1770,-2.4000000000000004,0.12195969940501057,2
1771,0.09999999999999987,0.121849968601372,2
1772,-2.4000000000000004,0.12174033652583235,2
1773,-0.9000000000000001,0.121630803089563,2
1774,1.8499999999999999,0.12152136820381522,2
1775,0.5499999999999998,0.12141203177992015,2
1776,-2.4000000000000004,0.12130279372928869,2
1777,-2.9499999999999993,0.12119365396341147,2
1778,-2.4000000000000004,0.12108461239385876,2
1779,0.34999999999999987,0.12097566893228034,2
1780,-4.449999999999999,0.12086682349040558,2
1781,-5.949999999999999,0.12075807598004318,2
1782,-1.1500000000000001,0.12064942631308119,2
1783,0.34999999999999987,0.120540874401487,2
1784,0.5999999999999999,0.12043242015730717,2
1785,-1.1500000000000001,0.12032406349266737,2
1786,0.34999999999999987,0.12021580431977238,2
1787,-0.7000000000000002,0.12010764255090593,2
1788,-0.9000000000000001,0.11999957809843072,2
1789,-5.35,0.11989161087478824,2
1790,-2.4000000000000004,0.1197837407924988,2
1791,-0.55,0.11967596776416141,2
1792,-0.9000000000000001,0.11956829170245371,2
1793,-1.1500000000000001,0.11946071252013193,2
1794,0.5999999999999999,0.11935323013003075,2
1795,0.09999999999999987,0.11924584444506334,2
1796,-2.4000000000000004,0.11913855537822116,2
1797,-0.7000000000000002,0.11903136284257398,2
1798,-2.4000000000000004,0.11892426675126981,2
1799,-0.4500000000000002,0.11881726701753474,2
1800,-0.9000000000000001,0.11871036355467302,2
1801,1.0499999999999998,0.11860355627606681,2
1802,-1.1500000000000001,0.11849684509517627,2
1803,0.5999999999999999,0.1183902299255394,2
1804,-2.4000000000000004,0.11828371068077197,2
1805,1.0499999999999998,0.1181772872745675,2
1806,-1.1500000000000001,0.11807095962069718,2
1807,-1.5000000000000002,0.11796472763300973,2
1808,-2.4000000000000004,0.11785859122543145,2
1809,1.0499999999999998,0.11775255031196602,2
1810,-0.9000000000000001,0.11764660480669452,2
1811,1.0499999999999998,0.11754075462377535,2
1812,0.34999999999999987,0.11743499967744411,2
1813,-0.3000000000000001,0.11732933988201359,2
1814,-1.9500000000000002,0.11722377515187365,2
1815,0.5499999999999998,0.11711830540149122,2
1816,-2.4000000000000004,0.11701293054541016,2
1817,0.5499999999999998,0.1169076504982512,2
1818,-2.4000000000000004,0.11680246517471192,2
1819,-0.7000000000000002,0.11669737448956662,2
1820,-1.1500000000000001,0.1165923783576663,2
1821,-0.7000000000000002,0.11648747669393857,2
1822,0.34999999999999987,0.11638266941338758,2
1823,-1.1500000000000001,0.11627795643109395,2
1824,0.34999999999999987,0.11617333766221472,2
1825,-1.1500000000000001,0.11606881302198323,2
1826,0.34999999999999987,0.11596438242570911,2
1827,-0.7000000000000002,0.11586004578877819,2
1828,0.5999999999999999,0.11575580302665243,2
1829,0.09999999999999987,0.11565165405486987,2
1830,-5.3,0.11554759878904448,2
1831,-1.1500000000000001,0.11544363714486625,2
1832,-4.5,0.11533976903810092,2
1833,-10.8,0.1152359943845901,2
1834,-0.3000000000000001,0.1151323131002511,2
1835,-0.55,0.11502872510107685,2
1836,-3.1999999999999997,0.1149252303031359,2
1837,-0.3000000000000001,0.11482182862257229,2
1838,-0.3000000000000001,0.11471851997560552,2
1839,-0.3000000000000001,0.11461530427853048,2
1840,-0.9000000000000001,0.11451218144771734,2
1841,0.34999999999999987,0.11440915139961157,2
1842,-0.9000000000000001,0.11430621405073375,2
1843,0.34999999999999987,0.11420336931767962,2
1844,-0.9000000000000001,0.11410061711711994,2
1845,-0.7000000000000002,0.11399795736580046,2
1846,-0.9000000000000001,0.1138953899805418,2
1847,0.34999999999999987,0.11379291487823943,2
1848,-0.9000000000000001,0.11369053197586364,2
1849,0.34999999999999987,0.11358824119045935,2
1850,-0.3000000000000001,0.11348604243914619,2
1851,0.34999999999999987,0.1133839356391183,2
1852,-4.449999999999999,0.11328192070764437,2
1853,-1.1500000000000001,0.11317999756206748,2
1854,0.5999999999999999,0.11307816611980512,2
1855,0.34999999999999987,0.11297642629834904,2
1856,-2.4000000000000004,0.11287477801526528,2
1857,0.34999999999999987,0.11277322118819401,2
1858,-1.1500000000000001,0.1126717557348495,2
1859,0.34999999999999987,0.11257038157302007,2
1860,0.34999999999999987,0.11246909862056798,2
1861,-1.1500000000000001,0.11236790679542943,2
1862,-1.1500000000000001,0.11226680601561445,2
1863,0.34999999999999987,0.11216579619920683,2
1864,0.34999999999999987,0.11206487726436405,2
1865,-0.9000000000000001,0.11196404912931725,2
1866,0.09999999999999987,0.1118633117123711,2
1867,-0.9000000000000001,0.11176266493190383,2
1868,1.3499999999999999,0.11166210870636707,2
1869,-2.4000000000000004,0.11156164295428583,2
1870,0.34999999999999987,0.11146126759425842,2
1871,-0.9000000000000001,0.1113609825449564,2
1872,0.34999999999999987,0.11126078772512449,2
1873,-0.3000000000000001,0.11116068305358054,2
1874,-1.9500000000000002,0.11106066844921542,2
1875,0.5999999999999999,0.11096074383099297,2
1876,0.34999999999999987,0.11086090911794998,2
1877,-0.9000000000000001,0.11076116422919605,2
1878,0.09999999999999987,0.11066150908391358,2
1879,0.34999999999999987,0.11056194360135765,2
1880,-0.7000000000000002,0.11046246770085603,2
1881,-1.9500000000000002,0.11036308130180905,2
1882,0.34999999999999987,0.11026378432368958,2
1883,-5.949999999999999,0.11016457668604292,2
1884,-4.699999999999999,0.11006545830848674,2
1885,0.34999999999999987,0.1099664291107111,2
1886,-2.4000000000000004,0.10986748901247824,2
1887,-4.449999999999999,0.10976863793362264,2
1888,-2.9499999999999997,0.10966987579405088,2
1889,0.34999999999999987,0.10957120251374163,2
1890,-2.4000000000000004,0.10947261801274552,2
1891,-0.9000000000000001,0.10937412221118517,2
1892,-3.85,0.10927571502925501,2
1893,0.34999999999999987,0.10917739638722132,2
1894,0.5999999999999999,0.10907916620542206,2
1895,-2.4000000000000004,0.10898102440426692,2
1896,1.5999999999999999,0.10888297090423718,2
1897,0.09999999999999987,0.10878500562588568,2
1898,-1.1500000000000001,0.10868712848983672,2
1899,-4.699999999999999,0.10858933941678603,2
1900,-1.1500000000000001,0.10849163832750067,2
1901,-0.9000000000000001,0.108394025142819,2
1902,1.8499999999999999,0.10829649978365062,2
1903,-1.1500000000000001,0.10819906217097629,2
1904,-54.099999999999994,0.10810171222584783,2
1905,-1.9500000000000002,0.10800444986938813,2
1906,-0.9000000000000001,0.10790727502279104,2
1907,0.14999999999999986,0.10781018760732129,2
1908,-6.0,0.1077131875443145,2
1909,-1.5000000000000002,0.107616274755177,2
1910,-2.6,0.1075194491613859,2
1911,-1.8,0.1074227106844889,2
1912,0.7999999999999998,0.10732605924610433,2
1913,-1.1500000000000001,0.10722949476792104,2
1914,-0.2500000000000002,0.10713301717169832,2
1915,-6.6,0.10703662637926585,2
1916,-5.35,0.10694032231252365,2
1917,-0.7000000000000002,0.10684410489344202,2
1918,-5.35,0.10674797404406146,2
1919,-1.8,0.10665192968649262,2
1920,0.5499999999999998,0.1065559717429162,2
1921,-6.6,0.10646010013558295,2
1922,-0.55,0.10636431478681355,2
1923,0.34999999999999987,0.10626861561899857,2
1924,-4.699999999999999,0.10617300255459844,2
1925,-1.1500000000000001,0.10607747551614334,2
1926,-5.949999999999999,0.10598203442623312,2
1927,1.2,0.1058866792075373,2
1928,-6.1499999999999995,0.10579140978279498,2
1929,0.14999999999999986,0.10569622607481476,2
1930,-1.8,0.10560112800647467,2
1931,-0.3000000000000001,0.10550611550072218,2
1932,-1.8,0.10541118848057406,2
1933,1.2,0.10531634686911634,2
1934,-1.8,0.10522159058950427,2
1935,-1.1,0.10512691956496219,2
1936,0.95,0.1050323337187836,2
1937,-1.8,0.10493783297433093,2
1938,-0.3000000000000001,0.10484341725503563,2
1939,1.2,0.104749086484398,2
1940,-2.0,0.10465484058598717,2
1941,-2.0,0.10456067948344108,2
1942,-1.3,0.10446660310046631,2
1943,-2.0,0.10437261136083814,2
1944,-0.5,0.1042787041884004,2
1945,-3.999999999999999,0.10418488150706548,2
1946,-1.8,0.10409114324081414,2
1947,-1.35,0.10399748931369564,2
1948,-6.15,0.1039039196498275,2
1949,1.2,0.10381043417339555,2
1950,-0.75,0.10371703280865385,2
1951,-0.55,0.10362371547992458,2
1952,-2.0,0.10353048211159799,2
1953,-3.8499999999999996,0.10343733262813241,2
1954,0.34999999999999987,0.1033442669540541,2
1955,-2.1500000000000004,0.10325128501395726,2
1956,-0.7000000000000002,0.10315838673250387,2
1957,-2.4000000000000004,0.10306557203442376,2
1958,-2.1500000000000004,0.10297284084451447,2
1959,-0.55,0.10288019308764117,2
1960,-0.7000000000000002,0.10278762868873666,2
1961,-1.8,0.10269514757280129,2
1962,-0.7000000000000002,0.10260274966490285,2
1963,-1.1500000000000001,0.10251043489017658,2
1964,-1.5000000000000002,0.10241820317382508,2
1965,-2.4000000000000004,0.10232605444111821,2
1966,0.7999999999999998,0.1022339886173931,2
1967,-2.4000000000000004,0.10214200562805408,2
1968,-3.999999999999999,0.10205010539857251,2
1969,-2.4000000000000004,0.10195828785448692,2
1970,-4.6499999999999995,0.10186655292140273,2
1971,-6.6,0.10177490052499237,2
1972,0.5999999999999999,0.1016833305909951,2
1973,-5.55,0.10159184304521703,2
1974,-1.2,0.10150043781353099,2
1975,-1.35,0.1014091148218765,2
1976,0.29999999999999993,0.10131787399625979,2
1977,0.34999999999999987,0.10122671526275356,2
1978,0.34999999999999987,0.10113563854749709,2
1979,-1.1500000000000001,0.1010446437766961,2
1980,-1.1500000000000001,0.10095373087662271,2
1981,0.09999999999999987,0.10086289977361536,2
1982,-4.699999999999999,0.10077215039407876,2
1983,-1.1500000000000001,0.10068148266448386,2
1984,-4.699999999999999,0.10059089651136775,2
1985,-1.1500000000000001,0.10050039186133364,2
1986,-6.35,0.10040996864105074,2
1987,-2.0,0.10031962677725427,2
1988,-6.1499999999999995,0.10022936619674536,2
1989,-6.35,0.10013918682639097,2
1990,-5.35,0.10004908859312392,2
1991,-6.8,0.09995907142394272,2
1992,-6.35,0.09986913524591158,2
1993,-2.4000000000000004,0.09977927998616032,2
1994,-0.4500000000000002,0.09968950557188433,2
1995,-5.949999999999999,0.09959981193034453,2
1996,-0.3000000000000001,0.09951019898886726,2
1997,-0.30000000000000004,0.09942066667484424,2
1998,-0.3000000000000001,0.09933121491573253,2
1999,-0.30000000000000004,0.09924184363905447,2
2000,-51.099999999999994,0.0991525527723976,2
2001,0.29999999999999993,0.09906334224341458,2
2002,-1.1500000000000001,0.0989742119798232,2
2003,0.7999999999999998,0.09888516190940629,2
2004,-2.4000000000000004,0.09879619196001163,2
2005,-0.9000000000000001,0.09870730205955196,2
2006,0.09999999999999987,0.09861849213600482,2
2007,-3.1999999999999993,0.09852976211741261,2
2008,-1.2,0.09844111193188242,2
2009,0.29999999999999993,0.09835254150758604,2
2010,-1.2,0.09826405077275992,2
2011,0.04999999999999993,0.09817563965570503,2
2012,-1.2,0.09808730808478687,2
2013,0.04999999999999993,0.0979990559884354,2
2014,-6.0,0.09791088329514497,2
2015,0.04999999999999993,0.09782278993347425,2
2016,-1.2,0.0977347758320462,2
2017,-0.75,0.097646840919548,2
2018,-1.2,0.097558985124731,2
2019,-4.75,0.09747120837641064,2
2020,-6.0,0.09738351060346642,2
2021,0.04999999999999993,0.09729589173484182,2
2022,-1.2,0.09720835169954425,2
2023,0.04999999999999993,0.09712089042664501,2
2024,-1.2,0.0970335078452792,2
2025,0.29999999999999993,0.09694620388464567,2
2026,-1.2,0.096858978474007,2
2027,0.04999999999999993,0.0967718315426894,2
2028,-1.2,0.09668476302008266,2
2029,-4.75,0.09659777283564012,2
2030,-2.0,0.09651086091887859,2
2031,0.04999999999999993,0.09642402719937826,2
2032,-1.2,0.09633727160678272,2
2033,0.04999999999999993,0.09625059407079885,2
2034,-6.0,0.09616399452119677,2
2035,0.04999999999999993,0.0960774728878098,2
2036,-1.2,0.09599102910053436,2
2037,-1.2,0.09590466308932999,2
2038,0.04999999999999993,0.09581837478421922,2
2039,-1.2,0.09573216411528752,2
2040,-0.75,0.09564603101268332,2
2041,0.29999999999999993,0.09555997540661786,2
2042,0.29999999999999993,0.09547399722736515,2
2043,-0.5,0.09538809640526198,2
2044,0.04999999999999993,0.0953022728707078,2
2045,-1.2,0.09521652655416468,2
2046,-1.2,0.09513085738615727,2
2047,0.04999999999999993,0.09504526529727271,2
2048,0.29999999999999993,0.0949597502181606,2
2049,0.04999999999999993,0.0948743120795329,2
2050,-0.6000000000000001,0.09478895081216399,2
2051,-0.6000000000000001,0.09470366634689047,2
2052,-0.6000000000000001,0.0946184586146112,2
2053,-0.6000000000000001,0.09453332754628718,2
2054,-0.6000000000000001,0.09444827307294157,2
2055,-5.4,0.09436329512565955,2
2056,-0.6000000000000001,0.09427839363558835,2
2057,-5.4,0.0941935685339371,2
2058,-5.4,0.09410881975197685,2
2059,-0.6000000000000001,0.09402414722104048,2
2060,-0.6000000000000001,0.09393955087252265,2
2061,-10.2,0.09385503063787975,2
2062,-0.6000000000000001,0.09377058644862986,2
2063,-0.6000000000000001,0.09368621823635263,2
2064,-1.4,0.09360192593268932,2
2065,-0.6000000000000001,0.09351770946934265,2
2066,-1.2,0.09343356877807685,2
2067,-1.2,0.09334950379071746,2
2068,0.04999999999999993,0.0932655144391514,2
2069,0.29999999999999993,0.09318160065532691,2
2070,0.04999999999999993,0.09309776237125339,2
2071,-1.2,0.09301399951900147,2
2072,-0.6000000000000001,0.09293031203070286,2
2073,-5.4,0.09284669983855036,2
2074,-5.4,0.09276316287479776,2
2075,-5.55,0.09267970107175981,2
2076,1.5999999999999999,0.09259631436181218,2
2077,-2.6,0.09251300267739133,2
2078,-0.4500000000000002,0.09242976595099456,2
2079,-0.9000000000000001,0.09234660411517988,2
2080,0.5499999999999998,0.09226351710256597,2
2081,-2.4000000000000004,0.09218050484583218,2
2082,-1.9500000000000002,0.09209756727771838,2
2083,0.5999999999999999,0.09201470433102497,2
2084,-0.7000000000000002,0.09193191593861284,2
2085,-0.9000000000000001,0.09184920203340324,2
2086,-1.9500000000000002,0.09176656254837781,2
2087,0.5999999999999999,0.09168399741657847,2
2088,-0.7000000000000002,0.0916015065711074,2
2089,-5.949999999999999,0.09151908994512695,2
2090,0.7,0.0914367474718596,2
2091,-2.4000000000000004,0.09135447908458796,2
2092,-6.0,0.09127228471665462,2
2093,1.5999999999999999,0.09119016430146216,2
2094,-6.1499999999999995,0.09110811777247309,2
2095,-0.3000000000000001,0.09102614506320975,2
2096,1.3499999999999999,0.09094424610725434,2
2097,-1.1500000000000001,0.09086242083824878,2
2098,-1.1500000000000001,0.0907806691898947,2
2099,-0.3000000000000001,0.09069899109595342,2
2100,0.5499999999999998,0.0906173864902458,2
2101,-6.6,0.09053585530665227,2
2102,1.5999999999999999,0.09045439747911276,2
2103,-5.949999999999999,0.09037301294162661,2
2104,0.34999999999999987,0.09029170162825259,2
2105,-1.8,0.09021046347310875,2
2106,0.34999999999999987,0.09012929841037243,2
2107,-0.55,0.09004820637428018,2
2108,-3.6,0.08996718729912777,2
2109,0.5999999999999999,0.08988624111927002,2
2110,-1.1500000000000001,0.08980536776912085,2
2111,-0.4500000000000002,0.0897245671831532,2
2112,-0.7000000000000002,0.08964383929589895,2
2113,0.09999999999999987,0.08956318404194888,2
2114,-1.1500000000000001,0.08948260135595264,2
2115,0.5499999999999998,0.08940209117261863,2
2116,-1.1500000000000001,0.08932165342671405,2
2117,-0.2500000000000002,0.08924128805306476,2
2118,-1.8,0.08916099498655528,2
2119,-0.9000000000000001,0.08908077416212869,2
2120,-5.5,0.08900062551478663,2
2121,-5.35,0.08892054897958919,2
2122,-2.6,0.08884054449165495,2
2123,-4.25,0.0887606119861608,2
2124,-10.8,0.08868075139834196,2
2125,-5.35,0.08860096266349196,2
2126,-2.6,0.08852124571696252,2
2127,-4.25,0.08844160049416354,2
2128,-5.550000000000001,0.088362026930563,2
2129,-1.8,0.088282524961687,2
2130,-1.1500000000000001,0.08820309452311959,2
2131,-1.1500000000000001,0.08812373555050282,2
2132,-2.4000000000000004,0.08804444797953664,2
2133,1.3499999999999999,0.08796523174597881,2
2134,-0.9000000000000001,0.08788608678564494,2
2135,-3.4499999999999997,0.08780701303440838,2
2136,-5.1,0.08772801042820015,2
2137,-1.1500000000000001,0.08764907890300894,2
2138,0.09999999999999987,0.08757021839488102,2
2139,-2.4000000000000004,0.08749142883992021,2
2140,0.7,0.08741271017428781,2
2141,-1.1500000000000001,0.08733406233420257,2
2142,0.34999999999999987,0.08725548525594061,2
2143,-2.4000000000000004,0.0871769788758354,2
2144,0.34999999999999987,0.08709854313027769,2
2145,-1.1500000000000001,0.08702017795571543,2
2146,1.8499999999999999,0.08694188328865379,2
2147,-2.4000000000000004,0.08686365906565507,2
2148,0.09999999999999987,0.08678550522333862,2
2149,-0.9000000000000001,0.08670742169838083,2
2150,1.5999999999999999,0.08662940842751506,2
2151,-6.6,0.08655146534753157,2
2152,1.8499999999999999,0.08647359239527755,2
2153,-6.0,0.08639578950765697,2
2154,-4.5,0.08631805662163057,2
2155,-6.0,0.0862403936742158,2
2156,0.29999999999999993,0.08616280060248682,2
2157,-1.2,0.08608527734357437,2
2158,-4.5,0.08600782383466574,2
2159,-4.1,0.08593044001300477,2
2160,-1.8,0.08585312581589176,2
2161,1.2,0.0857758811806834,2
2162,-0.3000000000000001,0.08569870604479275,2
2163,1.2,0.08562160034568922,2
2164,-5.949999999999999,0.08554456402089843,2
2165,-6.6,0.0854675970080022,2
2166,0.34999999999999987,0.08539069924463857,2
2167,0.09999999999999987,0.08531387066850166,2
2168,-4.449999999999999,0.08523711121734162,2
2169,-1.1500000000000001,0.08516042082896466,2
2170,0.34999999999999987,0.08508379944123289,2
2171,-1.35,0.08500724699206437,2
2172,-1.9500000000000002,0.08493076341943301,2
2173,-0.30000000000000004,0.08485434866136853,2
2174,-50.9,0.08477800265595638,2
2175,-2.0,0.08470172534133773,2
2176,-1.4,0.08462551665570943,2
2177,-1.4,0.0845493765373239,2
2178,-1.4,0.08447330492448915,2
2179,-1.4,0.08439730175556867,2
2180,-2.0,0.0843213669689814,2
2181,-0.75,0.08424550050320173,2
2182,-1.4,0.08416970229675937,2
2183,-6.0,0.08409397228823932,2
2184,-0.75,0.0840183104162819,2
2185,-2.0,0.08394271661958257,2
2186,-0.75,0.08386719083689198,2
2187,-2.0,0.08379173300701588,2
2188,-0.75,0.0837163430688151,2
2189,-2.0,0.08364102096120546,2
2190,-0.75,0.08356576662315773,2
2191,-2.0,0.0834905799936976,2
2192,-0.75,0.08341546101190564,2
2193,-2.0,0.08334040961691719,2
2194,-5.55,0.08326542574792237,2
2195,-2.0,0.08319050934416602,2
2196,-2.8,0.08311566034494766,2
2197,-5.3,0.08304087868962139,2
2198,-0.5,0.08296616431759588,2
2199,0.1499999999999999,0.08289151716833433,2
2200,-1.9500000000000002,0.0828169371813544,2
2201,-4.449999999999999,0.08274242429622818,2
2202,-1.9500000000000002,0.08266797845258209,2
2203,-5.949999999999999,0.0825935995900969,2
2204,-0.4500000000000002,0.08251928764850769,2
2205,-5.5,0.08244504256760368,2
2206,-1.9500000000000002,0.08237086428722831,2
2207,-5.949999999999999,0.08229675274727914,2
2208,-0.4500000000000002,0.08222270788770782,2
2209,-5.949999999999999,0.08214872964852,2
2210,-1.5000000000000002,0.08207481796977534,2
2211,-5.949999999999999,0.08200097279158738,2
2212,-0.4500000000000002,0.0819271940541236,2
2213,-5.949999999999999,0.08185348169760527,2
2214,-0.4500000000000002,0.08177983566230744,2
2215,-5.949999999999999,0.08170625588855894,2
2216,0.34999999999999987,0.08163274231674227,2
2217,-1.1500000000000001,0.08155929488729355,2
2218,0.34999999999999987,0.08148591354070252,2
2219,-1.1500000000000001,0.08141259821751243,2
2220,-5.35,0.08133934885832006,2
2221,-1.8,0.08126616540377563,2
2222,-0.10000000000000014,0.08119304779458271,2
2223,-1.8,0.08111999597149828,2
2224,-0.10000000000000014,0.08104700987533262,2
2225,-1.8,0.08097408944694923,2
2226,-0.10000000000000014,0.08090123462726483,2
2227,-1.8,0.08082844535724933,2
2228,-0.9000000000000001,0.0807557215779257,2
2229,-1.8,0.08068306323037,2
2230,-1.35,0.0806104702557113,2
2231,-1.1500000000000001,0.08053794259513165,2
2232,-4.8999999999999995,0.08046548018986602,2
2233,-5.35,0.08039308298120224,2
2234,-1.35,0.08032075091048095,2
2235,-1.35,0.08024848391909561,2
2236,-1.9500000000000002,0.0801762819484924,2
2237,-1.35,0.08010414494017014,2
2238,-0.2500000000000002,0.08003207283568031,2
2239,-1.8,0.079960065576627,2
2240,0.7999999999999998,0.07988812310466682,2
2241,-1.9500000000000002,0.0798162453615089,2
2242,-0.7000000000000002,0.07974443228891476,2
2243,-1.9500000000000002,0.07967268382869835,2
2244,-0.7000000000000002,0.07960099992272601,2
2245,-0.9000000000000001,0.07952938051291632,2
2246,0.7999999999999998,0.07945782554124015,2
2247,-0.9000000000000001,0.07938633494972057,2
2248,-0.7000000000000002,0.07931490868043282,2
2249,-0.9000000000000001,0.07924354667550428,2
2250,-0.2500000000000002,0.07917224887711435,2
2251,-2.4000000000000004,0.0791010152274945,2
2252,0.5499999999999998,0.07902984566892815,2
2253,-2.4000000000000004,0.07895874014375065,2
2254,-0.4500000000000002,0.07888769859434924,2
2255,-0.7000000000000002,0.07881672096316299,2
2256,-1.9500000000000002,0.07874580719268276,2
2257,-1.1500000000000001,0.07867495722545115,2
2258,-1.9500000000000002,0.07860417100406247,2
2259,0.09999999999999987,0.0785334484711627,2
2260,-0.4500000000000002,0.07846278956944934,2
2261,-0.7000000000000002,0.07839219424167154,2
2262,-1.9500000000000002,0.07832166243062991,2
2263,0.09999999999999987,0.07825119407917654,2
2264,-1.9500000000000002,0.07818078913021491,2
2265,-2.4000000000000004,0.0781104475266999,2
2266,0.34999999999999987,0.07804016921163773,2
2267,-3.8499999999999996,0.07796995412808586,2
2268,-0.7000000000000002,0.077899802219153,2
2269,-2.4000000000000004,0.07782971342799908,2
2270,-0.10000000000000014,0.0777596876978351,2
2271,-1.1500000000000001,0.07768972497192322,2
2272,-1.5000000000000002,0.07761982519357662,2
2273,-0.9000000000000001,0.07754998830615947,2
2274,-0.7000000000000002,0.07748021425308695,2
2275,-1.1500000000000001,0.07741050297782505,2
2276,-0.10000000000000009,0.07734085442389074,2
2277,-1.1500000000000001,0.07727126853485174,2
2278,-2.4000000000000004,0.07720174525432655,2
2279,0.34999999999999987,0.07713228452598443,2
2280,-0.4500000000000002,0.07706288629354531,2
2281,0.95,0.07699355050077973,2
2282,-0.7000000000000002,0.07692427709150886,2
2283,-4.1,0.07685506600960437,2
2284,-4.699999999999999,0.07678591719898847,2
2285,0.09999999999999987,0.07671683060363381,2
2286,-1.1500000000000001,0.07664780616756345,2
2287,0.34999999999999987,0.07657884383485082,2
2288,-1.1500000000000001,0.07650994354961968,2
2289,0.09999999999999987,0.07644110525604401,2
2290,0.34999999999999987,0.0763723288983481,2
2291,1.5999999999999999,0.07630361442080634,2
2292,-3.85,0.07623496176774332,2
2293,-9.3,0.07616637088353369,2
2294,-6.0,0.07609784171260217,2
2295,-6.0,0.07602937419942345,2
2296,-4.75,0.07596096828852222,2
2297,-6.0,0.07589262392447306,2
2298,-4.75,0.07582434105190039,2
2299,-0.3000000000000001,0.07575611961547853,2
2300,-1.1500000000000001,0.07568795955993149,2
2301,-2.4000000000000004,0.07561986083003307,2
2302,0.09999999999999987,0.07555182337060674,2
2303,-1.1500000000000001,0.07548384712652562,2
2304,-5.35,0.07541593204271241,2
2305,-0.55,0.07534807806413939,2
2306,1.5999999999999999,0.07528028513582835,2
2307,-2.4000000000000004,0.07521255320285053,2
2308,0.09999999999999987,0.07514488221032659,2
2309,-0.55,0.07507727210342659,2
2310,-0.55,0.0750097228273699,2
2311,1.5999999999999999,0.07494223432742518,2
2312,-2.4000000000000004,0.07487480654891034,2
2313,0.34999999999999987,0.07480743943719248,2
2314,-5.1,0.07474013293768787,2
2315,-0.9000000000000001,0.07467288699586187,2
2316,-5.1,0.07460570155722893,2
2317,0.09999999999999987,0.0745385765673525,2
2318,1.8499999999999999,0.07447151197184503,2
2319,-4.699999999999999,0.07440450771636788,2
2320,-0.9000000000000001,0.07433756374663132,2
2321,-1.1500000000000001,0.07427068000839446,2
2322,0.5999999999999999,0.07420385644746519,2
2323,-0.55,0.07413709300970021,2
2324,0.34999999999999987,0.0740703896410049,2
2325,-4.699999999999999,0.07400374628733329,2
2326,-1.1500000000000001,0.0739371628946881,2
2327,-4.699999999999999,0.07387063940912057,2
2328,-2.4000000000000004,0.07380417577673051,2
2329,-1.1500000000000001,0.07373777194366621,2
2330,0.1499999999999999,0.07367142785612442,2
2331,-0.9000000000000001,0.07360514346035031,2
2332,-2.9499999999999993,0.0735389187026374,2
2333,-6.6,0.07347275352932753,2
2334,-50.89999999999999,0.07340664788681084,2
2335,1.5999999999999999,0.07334060172152566,2
2336,-2.4000000000000004,0.07327461497995857,2
2337,-2.220446049250313e-16,0.07320868760864425,2
2338,-1.9500000000000002,0.07314281955416549,2
2339,-1.1500000000000001,0.07307701076315316,2
2340,-2.4000000000000004,0.07301126118228615,2
2341,-3.1999999999999993,0.07294557075829132,2
2342,-0.9000000000000001,0.07287993943794344,2
2343,0.7999999999999998,0.07281436716806519,2
2344,-1.1500000000000001,0.0727488538955271,2
2345,1.5999999999999999,0.07268339956724747,2
2346,0.09999999999999987,0.07261800413019238,2
2347,-1.1500000000000001,0.07255266753137565,2
2348,-1.1500000000000001,0.07248738971785873,2
2349,0.09999999999999987,0.07242217063675074,2
2350,-1.1500000000000001,0.07235701023520835,2
2351,0.09999999999999987,0.07229190846043579,2
2352,-5.949999999999999,0.0722268652596848,2
2353,0.09999999999999987,0.07216188058025459,2
2354,-1.1500000000000001,0.07209695436949176,2
2355,0.09999999999999987,0.0720320865747903,2
2356,-0.9000000000000001,0.07196727714359151,2
2357,0.09999999999999987,0.071902526023384,2
2358,-0.9000000000000001,0.07183783316170363,2
2359,0.09999999999999987,0.07177319850613344,2
2360,-1.1500000000000001,0.07170862200430365,2
2361,0.09999999999999987,0.0716441036038916,2
2362,-0.9000000000000001,0.07157964325262169,2
2363,0.09999999999999987,0.07151524089826536,2
2364,-1.1500000000000001,0.07145089648864106,2
2365,0.09999999999999987,0.07138660997161417,2
2366,-1.1500000000000001,0.07132238129509698,2
2367,-5.35,0.07125821040704865,2
2368,-5.35,0.07119409725547515,2
2369,0.34999999999999987,0.07113004178842926,2
2370,-4.1,0.07106604395401045,2
2371,-6.6,0.07100210370036493,2
2372,-0.4500000000000002,0.07093822097568554,2
2373,-0.7000000000000002,0.07087439572821178,2
2374,-0.9000000000000001,0.07081062790622962,2
2375,-1.1500000000000001,0.07074691745807167,2
2376,0.09999999999999987,0.07068326433211697,2
2377,1.5999999999999999,0.07061966847679098,2
2378,-2.6,0.07055612984056563,2
2379,-1.35,0.07049264837195918,2
2380,1.3499999999999999,0.07042922401953618,2
2381,-1.8,0.07036585673190748,2
2382,-1.1500000000000001,0.07030254645773022,2
2383,0.34999999999999987,0.07023929314570765,2
2384,-0.55,0.0701760967445892,2
2385,-0.3000000000000001,0.07011295720317046,2
2386,-0.55,0.070049874470293,2
2387,-0.3000000000000001,0.0699868484948445,2
2388,-1.35,0.0699238792257586,2
2389,-0.30000000000000004,0.06986096661201487,2
2390,-0.10000000000000009,0.0697981106026388,2
2391,-6.0,0.06973531114670174,2
2392,-1.2,0.06967256819332088,2
2393,0.7,0.06960988169165915,2
2394,-6.0,0.06954725159092524,2
2395,0.1499999999999999,0.06948467784037356,2
2396,-0.7000000000000002,0.06942216038930417,2
2397,-1.1500000000000001,0.06935969918706271,2
2398,-0.7000000000000002,0.06929729418304043,2
2399,-0.55,0.06923494532667411,2
2400,-0.55,0.06917265256744601,2
2401,0.7,0.06911041585488385,2
2402,-1.8,0.06904823513856076,2
2403,0.1499999999999999,0.06898611036809524,2
2404,-0.55,0.06892404149315112,2
2405,-0.55,0.06886202846343754,2
2406,-2.6,0.06880007122870886,2
2407,-0.10000000000000009,0.06873816973876468,2
2408,-1.2,0.06867632394344969,2
2409,-0.75,0.0686145337926538,2
2410,-6.2,0.06855279923631194,2
2411,-1.4,0.06849112022440414,2
2412,-1.35,0.06842949670695539,2
2413,-4.8999999999999995,0.06836792863403565,2
2414,-6.8,0.06830641595575983,2
2415,-5.55,0.06824495862228769,2
2416,-1.8,0.06818355658382384,2
2417,-4.699999999999999,0.06812220979061773,2
2418,-5.1,0.06806091819296352,2
2419,-0.9000000000000001,0.06799968174120012,2
2420,-1.1500000000000001,0.06793850038571111,2
2421,-4.8999999999999995,0.06787737407692475,2
2422,-0.9000000000000001,0.06781630276531382,2
2423,-1.1500000000000001,0.06775528640139575,2
2424,-1.1500000000000001,0.06769432493573244,2
2425,-0.7000000000000002,0.06763341831893027,2
2426,0.09999999999999987,0.06757256650164008,2
2427,0.34999999999999987,0.0675117694345571,2
2428,-5.949999999999999,0.06745102706842093,2
2429,-1.9500000000000002,0.06739033935401549,2
2430,0.34999999999999987,0.06732970624216897,2
2431,1.8499999999999999,0.0672691276837538,2
2432,-1.1500000000000001,0.06720860362968664,2
2433,-2.4000000000000004,0.06714813403092829,2
2434,1.5999999999999999,0.06708771883848365,2
2435,-0.4500000000000002,0.06702735800340175,2
2436,-1.1500000000000001,0.06696705147677562,2
2437,-5.1,0.06690679920974232,2
2438,-0.55,0.06684660115348286,2
2439,-1.1500000000000001,0.06678645725922218,2
2440,2.0999999999999996,0.0667263674782291,2
2441,-1.1500000000000001,0.06666633176181633,2
2442,-0.9000000000000001,0.06660635006134029,2
2443,-1.1500000000000001,0.06654642232820124,2
2444,0.5999999999999999,0.06648654851384314,2
2445,-0.7000000000000002,0.06642672856975365,2
2446,0.5999999999999999,0.06636696244746408,2
2447,0.09999999999999987,0.06630725009854932,2
2448,-0.9000000000000001,0.06624759147462786,2
2449,-1.1500000000000001,0.0661879865273617,2
2450,-0.4500000000000002,0.06612843520845636,2
2451,-1.1500000000000001,0.06606893746966079,2
2452,-0.9000000000000001,0.06600949326276735,2
2453,0.95,0.0659501025396118,2
2454,1.5999999999999999,0.06589076525207319,2
2455,-5.949999999999999,0.0658314813520739,2
2456,-0.9000000000000001,0.06577225079157954,2
2457,-4.699999999999999,0.06571307352259899,2
2458,-4.699999999999999,0.06565394949718424,2
2459,-3.1999999999999993,0.0655948786674305,2
2460,-51.949999999999996,0.065535860985476,2
2461,-5.949999999999999,0.06547689640350207,2
2462,-5.499999999999999,0.06541798487373308,2
2463,0.34999999999999987,0.06535912634843637,2
2464,-1.9500000000000002,0.06530032077992219,2
2465,0.5999999999999999,0.06524156812054377,2
2466,-0.9000000000000001,0.06518286832269715,2
2467,-3.5999999999999996,0.06512422133882124,2
2468,-2.4000000000000004,0.06506562712139771,2
2469,1.0499999999999998,0.065007085622951,2
2470,-2.4000000000000004,0.06494859679604828,2
2471,1.0499999999999998,0.06489016059329936,2
2472,-6.6,0.06483177696735672,2
2473,-4.449999999999999,0.06477344587091544,2
2474,-1.9500000000000002,0.06471516725671313,2
2475,-4.449999999999999,0.06465694107752994,2
2476,-1.9500000000000002,0.06459876728618852,2
2477,-4.449999999999999,0.06454064583555397,2
2478,-1.1500000000000001,0.06448257667853376,2
2479,-0.9000000000000001,0.06442455976807776,2
2480,-5.949999999999999,0.06436659505717818,2
2481,0.34999999999999987,0.0643086824988695,2
2482,-1.9500000000000002,0.06425082204622845,2
2483,-0.4500000000000002,0.06419301365237404,2
2484,-1.8,0.06413525727046739,2
2485,0.1499999999999999,0.06407755285371178,2
2486,-1.8,0.06401990035535261,2
2487,0.7,0.06396229972867737,2
2488,-1.9500000000000002,0.06390475092701552,2
2489,-8.899999999999999,0.06384725390373854,2
2490,-1.1500000000000001,0.06378980861225987,2
2491,1.8499999999999999,0.06373241500603484,2
2492,-1.1500000000000001,0.06367507303856071,2
2493,0.34999999999999987,0.0636177826633765,2
2494,-1.1500000000000001,0.06356054383406311,2
2495,0.09999999999999987,0.06350335650424316,2
2496,-1.1500000000000001,0.06344622062758101,2
2497,0.34999999999999987,0.06338913615778272,2
2498,-1.1500000000000001,0.06333210304859598,2
2499,-0.7000000000000002,0.0632751212538101,2
2500,-1.1500000000000001,0.063218190727256,2
2501,1.8499999999999999,0.06316131142280608,2
2502,-0.9000000000000001,0.06310448329437429,2
2503,0.09999999999999987,0.06304770629591602,2
2504,-0.9000000000000001,0.06299098038142811,2
2505,0.34999999999999987,0.06293430550494879,2
2506,-0.9000000000000001,0.0628776816205576,2
2507,0.34999999999999987,0.06282110868237543,2
2508,-6.15,0.06276458664456447,2
2509,-4.75,0.06270811546132811,2
2510,-6.0,0.06265169508691097,2
2511,-4.75,0.06259532547559883,2
2512,-6.0,0.0625390065817186,2
2513,-9.55,0.06248273835963828,2
2514,0.34999999999999987,0.06242652076376693,2
2515,-1.1500000000000001,0.06237035374855464,2
2516,0.5999999999999999,0.06231423726849246,2
2517,-1.1500000000000001,0.0622581712781124,2
2518,-0.4500000000000002,0.06220215573198738,2
2519,-1.1500000000000001,0.06214619058473119,2
2520,1.5999999999999999,0.06209027579099845,2
2521,-2.4000000000000004,0.06203441130548458,2
2522,-4.699999999999999,0.06197859708292578,2
2523,-1.9500000000000002,0.06192283307809894,2
2524,0.34999999999999987,0.06186711924582167,2
2525,-0.9000000000000001,0.061811455540952215,2
2526,0.09999999999999987,0.06175584191838945,2
2527,-0.7000000000000002,0.06170027833307281,2
2528,0.34999999999999987,0.061644764739982295,2
2529,-10.149999999999999,0.06158930109413839,2
2530,-1.1500000000000001,0.061533887350602064,2
2531,-0.7000000000000002,0.0614785234644747,2
2532,-1.1500000000000001,0.0614232093908981,2
2533,-2.4000000000000004,0.0613679450850544,2
2534,0.09999999999999987,0.061312730502166096,2
2535,-1.5000000000000002,0.06125756559749594,2
2536,-0.3000000000000001,0.061202450326346955,2
2537,-0.10000000000000009,0.06114738464406237,2
2538,-4.449999999999999,0.0610923685060256,2
2539,-1.1500000000000001,0.061037401867660185,2
2540,-5.35,0.06098248468442979,2
2541,0.09999999999999987,0.060927616911838144,2
2542,0.34999999999999987,0.06087279850542902,2
2543,-1.1500000000000001,0.060818029420786165,2
2544,-1.1500000000000001,0.060763309613533316,2
2545,0.09999999999999987,0.060708639039334135,2
2546,0.34999999999999987,0.06065401765389214,2
2547,-1.1500000000000001,0.06059944541295075,2
2548,-1.1500000000000001,0.060544922272293175,2
2549,0.09999999999999987,0.060490448187742414,2
2550,0.34999999999999987,0.06043602311516122,2
2551,-4.699999999999999,0.060381647010452046,2
2552,-1.1500000000000001,0.06032731982955703,2
2553,-1.1500000000000001,0.06027304152845796,2
2554,-1.1500000000000001,0.06021881206317619,2
2555,0.09999999999999987,0.06016463138977269,2
2556,0.7,0.06011049946434793,2
2557,-2.4000000000000004,0.0600564162430419,2
2558,-1.1500000000000001,0.060002381682034034,2
2559,0.09999999999999987,0.0599483957375432,2
2560,0.34999999999999987,0.059894458365827664,2
2561,-1.1500000000000001,0.059840569523185026,2
2562,0.34999999999999987,0.05978672916595224,2
2563,-2.4000000000000004,0.05973293725050552,2
2564,1.8499999999999999,0.05967919373326033,2
2565,-1.1500000000000001,0.05962549857067138,2
2566,1.5999999999999999,0.05957185171923251,2
2567,-0.9000000000000001,0.05951825313547673,2
2568,0.34999999999999987,0.059464702775976166,2
2569,-2.4000000000000004,0.059411200597342,2
2570,1.8499999999999999,0.05935774655622446,2
2571,-1.1500000000000001,0.05930434060931278,2
2572,0.34999999999999987,0.059250982713335155,2
2573,-2.4000000000000004,0.059197672825058716,2
2574,0.34999999999999987,0.05914441090128949,2
2575,-2.4000000000000004,0.05909119689887238,2
2576,-49.65,0.0590380307746911,2
2577,-0.7000000000000002,0.058984912485668166,2
2578,0.34999999999999987,0.058931841988764846,2
2579,-0.6500000000000001,0.05887881924098114,2
2580,-0.9000000000000001,0.05882584419935573,2
2581,0.7999999999999998,0.05877291682096595,2
2582,-0.9000000000000001,0.058720037062927756,2
2583,0.5499999999999998,0.05866720488239569,2
2584,-2.6,0.058614420236562846,2
2585,-0.10000000000000014,0.05856168308266082,2
2586,-1.8,0.058508993377959694,2
2587,-0.10000000000000014,0.05845635107976801,2
2588,-1.8,0.058403756145432695,2
2589,-0.10000000000000014,0.05835120853233907,2
2590,-1.2000000000000002,0.05829870819791079,2
2591,-1.55,0.05824625509960983,2
2592,-6.0,0.05819384919493642,2
2593,-0.55,0.05814149044142903,2
2594,-2.0,0.05808917879666435,2
2595,-4.9,0.05803691421825723,2
2596,-5.4,0.05798469666386064,2
2597,-0.6000000000000001,0.057932526091165684,2
2598,-0.6000000000000001,0.057880402457901506,2
2599,-2.2,0.05782832572183529,2
2600,-0.6000000000000001,0.05777629584077222,2
2601,-1.4,0.05772431277255545,2
2602,-0.6000000000000001,0.057672376475066046,2
2603,-0.6000000000000001,0.05762048690622299,2
2604,-5.4,0.0575686440239831,2
2605,-1.4,0.05751684778634106,2
2606,-2.2,0.05746509815132931,2
2607,-0.6000000000000001,0.05741339507701806,2
2608,-1.2,0.05736173852151526,2
2609,-0.55,0.05731012844296653,2
2610,-1.8,0.05725856479955517,2
2611,-0.3000000000000001,0.057207047549502094,2
2612,0.7,0.0571555766510658,2
2613,-1.2,0.057104152062542345,2
2614,-0.55,0.05705277374226531,2
2615,-5.35,0.057001441648605766,2
2616,0.7,0.05695015573997223,2
2617,-4.1,0.05689891597481066,2
2618,-6.0,0.056847722311604384,2
2619,-2.0,0.05679657470887408,2
2620,-0.55,0.05674547312517776,2
2621,-2.6,0.05669441751911073,2
2622,0.7,0.05664340784930552,2
2623,-1.8,0.0565924440744319,2
2624,-4.75,0.05654152615319682,2
2625,0.95,0.056490654044344384,2
2626,-0.3000000000000001,0.05643982770665583,2
2627,-1.4,0.05638904709894945,2
2628,-0.75,0.05633831218008061,2
2629,-4.75,0.0562876229089417,2
2630,-1.2,0.05623697924446208,2
2631,-0.75,0.05618638114560807,2
2632,-1.2,0.056135828571382905,2
2633,0.09999999999999987,0.05608532148082672,2
2634,-1.9500000000000002,0.056034859833016475,2
2635,0.7,0.055984443587065974,2
2636,-2.4000000000000004,0.05593407270212581,2
2637,1.3499999999999999,0.05588374713738331,2
2638,-4.449999999999999,0.05583346685206254,2
2639,0.09999999999999987,0.05578323180542424,2
2640,-1.9500000000000002,0.0557330419567658,2
2641,-1.1500000000000001,0.055682897265421256,2
2642,-1.1500000000000001,0.05563279769076121,2
2643,0.34999999999999987,0.055582743192192814,2
2644,-2.4000000000000004,0.055532733729159775,2
2645,1.5999999999999999,0.05548276926114226,2
2646,0.34999999999999987,0.05543284974765691,2
2647,-1.1500000000000001,0.05538297514825677,2
2648,0.34999999999999987,0.055333145422531295,2
2649,0.34999999999999987,0.055283360530106296,2
2650,-1.1500000000000001,0.0552336204306439,2
2651,-0.7000000000000002,0.05518392508384253,2
2652,-1.1500000000000001,0.05513427444943689,2
2653,-1.1500000000000001,0.055084668487197876,2
2654,0.34999999999999987,0.05503510715693261,2
2655,-1.1500000000000001,0.05498559041848436,2
2656,0.5999999999999999,0.054936118231732535,2
2657,-2.4000000000000004,0.05488669055659263,2
2658,2.0999999999999996,0.054837307353016215,2
2659,-1.1500000000000001,0.05478796858099089,2
2660,0.5999999999999999,0.054738674200540245,2
2661,-2.4000000000000004,0.05468942417172386,2
2662,-0.4500000000000002,0.05464021845463722,2
2663,0.34999999999999987,0.05459105700941175,2
2664,0.34999999999999987,0.05454193979621472,2
2665,0.34999999999999987,0.05449286677524924,2
2666,-3.85,0.05444383790675424,2
2667,-2.4000000000000004,0.05439485315100442,2
2668,1.5999999999999999,0.05434591246831021,2
2669,-1.1500000000000001,0.05429701581901777,2
2670,-3.4499999999999993,0.05424816316350891,2
2671,-10.15,0.054199354462201116,2
2672,-5.35,0.054150589675547464,2
2673,-5.35,0.05410186876403662,2
2674,-5.949999999999999,0.05405319168819281,2
2675,0.09999999999999987,0.054004558408575765,2
2676,-6.1499999999999995,0.053955968885780706,2
2677,-0.9000000000000001,0.0539074230804383,2
2678,0.34999999999999987,0.053858920953214644,2
2679,-6.6,0.05381046246481123,2
2680,0.95,0.05376204757596489,2
2681,-1.1500000000000001,0.05371367624744779,2
2682,-5.35,0.05366534844006741,2
2683,-0.3000000000000001,0.05361706411466647,2
2684,0.09999999999999987,0.05356882323212292,2
2685,-0.30000000000000004,0.053520625753349926,2
2686,-0.7000000000000002,0.05347247163929582,2
2687,-2.4000000000000004,0.05342436085094405,2
2688,2.0999999999999996,0.05337629334931317,2
2689,-1.1500000000000001,0.05332826909545684,2
2690,-0.4500000000000002,0.05328028805046373,2
2691,0.34999999999999987,0.05323235017545753,2
2692,0.34999999999999987,0.053184455431596896,2
2693,0.09999999999999987,0.053136603780075446,2
2694,-5.1,0.053088795182121715,2
2695,-1.1500000000000001,0.05304102959899912,2
2696,-0.9000000000000001,0.052993306992005905,2
2697,-4.699999999999999,0.052945627322475174,2
2698,-0.9000000000000001,0.05289799055177479,2
2699,-1.1500000000000001,0.0528503966413074,2
2700,0.34999999999999987,0.05280284555251036,2
2701,-1.1500000000000001,0.05275533724685573,2
2702,-5.499999999999999,0.052707871685850234,2
2703,0.5999999999999999,0.05266044883103522,2
2704,-1.35,0.05261306864398664,2
2705,-4.6499999999999995,0.052565731086315036,2
2706,-2.4000000000000004,0.052518436119665474,2
2707,-0.10000000000000009,0.05247118370571754,2
2708,-6.1499999999999995,0.05242397380618528,2
2709,-0.9000000000000001,0.0523768063828172,2
2710,0.09999999999999987,0.05232968139739622,2
2711,-0.9000000000000001,0.052282598811739654,2
2712,-1.1500000000000001,0.05223555858769914,2
2713,-0.4500000000000002,0.05218856068716068,2
2714,-1.1500000000000001,0.05214160507204453,2
2715,-0.4500000000000002,0.052094691704305245,2
2716,-4.699999999999999,0.05204782054593158,2
2717,-5.5,0.052000991558946504,2
2718,0.09999999999999987,0.05195420470540715,2
2719,-6.35,0.051907459947404797,2
2720,-6.8,0.05186075724706482,2
2721,-5.3,0.05181409656654668,2
2722,-6.8,0.051767477868043886,2
2723,-5.3,0.05172090111378395,2
2724,-6.8,0.051674366266028386,2
2725,-5.3,0.05162787328707265,2
2726,-1.2,0.05158142213924612,2
2727,0.34999999999999987,0.051535012784912085,2
2728,-2.4000000000000004,0.051488645186467674,2
2729,-0.9000000000000001,0.05144231930634387,2
2730,-2.4000000000000004,0.05139603510700544,2
2731,0.34999999999999987,0.05134979255095092,2
2732,0.09999999999999987,0.051303591600712614,2
2733,-5.1,0.051257432218856515,2
2734,-1.8,0.05121131436798229,2
2735,1.5999999999999999,0.051165238010723285,2
2736,-6.6,0.05111920310974644,2
2737,-49.64999999999999,0.0510732096277523,2
2738,-0.55,0.05102725752747495,2
2739,-0.55,0.05098134677168202,2
2740,0.04999999999999993,0.05093547732317465,2
2741,-1.1500000000000001,0.05088964914478741,2
2742,-5.1,0.050843862199388364,2
2743,0.29999999999999993,0.05079811644987893,2
2744,0.09999999999999987,0.050752411859193935,2
2745,-5.1,0.05070674839030155,2
2746,0.09999999999999987,0.05066112600620327,2
2747,-1.1500000000000001,0.050615544669933864,2
2748,0.34999999999999987,0.05057000434456137,2
2749,-2.4000000000000004,0.050524504993187044,2
2750,-0.4500000000000002,0.050479046578945364,2
2751,-1.8,0.05043362906500396,2
2752,0.34999999999999987,0.0503882524145636,2
2753,-4.249999999999999,0.05034291659085817,2
2754,-2.4000000000000004,0.05029762155715463,2
2755,-1.9500000000000002,0.05025236727675298,2
2756,0.34999999999999987,0.05020715371298626,2
2757,-1.35,0.050161980829220486,2
2758,-0.55,0.050116848588854644,2
2759,-1.35,0.050071756955320644,2
2760,-1.1500000000000001,0.0500267058920833,2
2761,-1.9500000000000002,0.0499816953626403,2
2762,0.34999999999999987,0.04993672533052217,2
2763,-1.9500000000000002,0.04989179575929226,2
2764,0.34999999999999987,0.04984690661254667,2
2765,-1.9500000000000002,0.0498020578539143,2
2766,0.34999999999999987,0.04975724944705675,2
2767,-1.9500000000000002,0.04971248135566831,2
2768,0.34999999999999987,0.04966775354347594,2
2769,-1.9500000000000002,0.04962306597423924,2
2770,0.34999999999999987,0.04957841861175042,2
2771,-0.4500000000000002,0.049533811419834255,2
2772,-1.1500000000000001,0.049489244362348084,2
2773,-2.4000000000000004,0.049444717403181744,2
2774,0.34999999999999987,0.049400230506257574,2
2775,-2.4000000000000004,0.04935578363553037,2
2776,0.7999999999999998,0.049311376754987375,2
